goal,target,indicator,country_code,country,year,source,beach_litter_in_beach_percent
14,14.1,14.1.1,2,africa,2017,center for ocean-atmospheric prediction studies (coaps),76.38
14,14.1,14.1.1,2,africa,2018,center for ocean-atmospheric prediction studies (coaps),74.84
14,14.1,14.1.1,2,africa,2019,center for ocean-atmospheric prediction studies (coaps),75.87
14,14.1,14.1.1,2,africa,2020,center for ocean-atmospheric prediction studies (coaps),76.28
14,14.1,14.1.1,2,africa,2021,center for ocean-atmospheric prediction studies (coaps),77.03
14,14.1,14.1.1,2,africa,2022,center for ocean-atmospheric prediction studies (coaps),79.11
14,14.1,14.1.1,8,albania,2017,center for ocean-atmospheric prediction studies (coaps),59.29
14,14.1,14.1.1,8,albania,2018,center for ocean-atmospheric prediction studies (coaps),62.23
14,14.1,14.1.1,8,albania,2019,center for ocean-atmospheric prediction studies (coaps),61.42
14,14.1,14.1.1,8,albania,2020,center for ocean-atmospheric prediction studies (coaps),65.1
14,14.1,14.1.1,8,albania,2021,center for ocean-atmospheric prediction studies (coaps),62.61
14,14.1,14.1.1,12,algeria,2017,center for ocean-atmospheric prediction studies (coaps),64.33
14,14.1,14.1.1,12,algeria,2018,center for ocean-atmospheric prediction studies (coaps),57.88
14,14.1,14.1.1,12,algeria,2019,center for ocean-atmospheric prediction studies (coaps),61.1
14,14.1,14.1.1,12,algeria,2020,center for ocean-atmospheric prediction studies (coaps),65.91
14,14.1,14.1.1,12,algeria,2021,center for ocean-atmospheric prediction studies (coaps),66.31
14,14.1,14.1.1,19,americas,2017,center for ocean-atmospheric prediction studies (coaps),54.3
14,14.1,14.1.1,19,americas,2018,center for ocean-atmospheric prediction studies (coaps),56.18
14,14.1,14.1.1,19,americas,2019,center for ocean-atmospheric prediction studies (coaps),55.76
14,14.1,14.1.1,19,americas,2020,center for ocean-atmospheric prediction studies (coaps),54.03
14,14.1,14.1.1,19,americas,2021,center for ocean-atmospheric prediction studies (coaps),55.68
14,14.1,14.1.1,19,americas,2022,center for ocean-atmospheric prediction studies (coaps),65.99
14,14.1,14.1.1,24,angola,2017,center for ocean-atmospheric prediction studies (coaps),98.44
14,14.1,14.1.1,24,angola,2018,center for ocean-atmospheric prediction studies (coaps),97.19
14,14.1,14.1.1,24,angola,2019,center for ocean-atmospheric prediction studies (coaps),98.77
14,14.1,14.1.1,24,angola,2020,center for ocean-atmospheric prediction studies (coaps),99.32
14,14.1,14.1.1,24,angola,2021,center for ocean-atmospheric prediction studies (coaps),99.01
14,14.1,14.1.1,28,antigua and barbuda,2017,center for ocean-atmospheric prediction studies (coaps),47.04
14,14.1,14.1.1,28,antigua and barbuda,2018,center for ocean-atmospheric prediction studies (coaps),47.56
14,14.1,14.1.1,28,antigua and barbuda,2019,center for ocean-atmospheric prediction studies (coaps),42.68
14,14.1,14.1.1,28,antigua and barbuda,2020,center for ocean-atmospheric prediction studies (coaps),34.7
14,14.1,14.1.1,28,antigua and barbuda,2021,center for ocean-atmospheric prediction studies (coaps),35.61
14,14.1,14.1.1,32,argentina,2017,center for ocean-atmospheric prediction studies (coaps),21.55
14,14.1,14.1.1,32,argentina,2018,center for ocean-atmospheric prediction studies (coaps),22.29
14,14.1,14.1.1,32,argentina,2019,center for ocean-atmospheric prediction studies (coaps),23.32
14,14.1,14.1.1,32,argentina,2020,center for ocean-atmospheric prediction studies (coaps),27.16
14,14.1,14.1.1,32,argentina,2021,center for ocean-atmospheric prediction studies (coaps),28.65
14,14.1,14.1.1,142,asia,2017,center for ocean-atmospheric prediction studies (coaps),73.35
14,14.1,14.1.1,142,asia,2018,center for ocean-atmospheric prediction studies (coaps),75.75
14,14.1,14.1.1,142,asia,2019,center for ocean-atmospheric prediction studies (coaps),77.11
14,14.1,14.1.1,142,asia,2020,center for ocean-atmospheric prediction studies (coaps),76.78
14,14.1,14.1.1,142,asia,2021,center for ocean-atmospheric prediction studies (coaps),74.49
14,14.1,14.1.1,142,asia,2022,center for ocean-atmospheric prediction studies (coaps),68.82
14,14.1,14.1.1,36,australia,2017,center for ocean-atmospheric prediction studies (coaps),65.49
14,14.1,14.1.1,36,australia,2018,center for ocean-atmospheric prediction studies (coaps),62.02
14,14.1,14.1.1,36,australia,2019,center for ocean-atmospheric prediction studies (coaps),69.97
14,14.1,14.1.1,36,australia,2020,center for ocean-atmospheric prediction studies (coaps),66.61
14,14.1,14.1.1,36,australia,2021,center for ocean-atmospheric prediction studies (coaps),62.78
14,14.1,14.1.1,53,australia and new zealand,2017,center for ocean-atmospheric prediction studies (coaps),64.22
14,14.1,14.1.1,53,australia and new zealand,2018,center for ocean-atmospheric prediction studies (coaps),60.77
14,14.1,14.1.1,53,australia and new zealand,2019,center for ocean-atmospheric prediction studies (coaps),68.44
14,14.1,14.1.1,53,australia and new zealand,2020,center for ocean-atmospheric prediction studies (coaps),65.1
14,14.1,14.1.1,53,australia and new zealand,2021,center for ocean-atmospheric prediction studies (coaps),61.28
14,14.1,14.1.1,53,australia and new zealand,2022,center for ocean-atmospheric prediction studies (coaps),55.78
14,14.1,14.1.1,44,bahamas,2017,center for ocean-atmospheric prediction studies (coaps),18.55
14,14.1,14.1.1,44,bahamas,2018,center for ocean-atmospheric prediction studies (coaps),15.78
14,14.1,14.1.1,44,bahamas,2019,center for ocean-atmospheric prediction studies (coaps),14.13
14,14.1,14.1.1,44,bahamas,2020,center for ocean-atmospheric prediction studies (coaps),12.2
14,14.1,14.1.1,44,bahamas,2021,center for ocean-atmospheric prediction studies (coaps),11.19
14,14.1,14.1.1,48,bahrain,2017,center for ocean-atmospheric prediction studies (coaps),98.44
14,14.1,14.1.1,48,bahrain,2018,center for ocean-atmospheric prediction studies (coaps),98.5
14,14.1,14.1.1,48,bahrain,2019,center for ocean-atmospheric prediction studies (coaps),98.08
14,14.1,14.1.1,48,bahrain,2020,center for ocean-atmospheric prediction studies (coaps),100.0
14,14.1,14.1.1,48,bahrain,2021,center for ocean-atmospheric prediction studies (coaps),97.25
14,14.1,14.1.1,50,bangladesh,2017,center for ocean-atmospheric prediction studies (coaps),69.4
14,14.1,14.1.1,50,bangladesh,2018,center for ocean-atmospheric prediction studies (coaps),68.24
14,14.1,14.1.1,50,bangladesh,2019,center for ocean-atmospheric prediction studies (coaps),69.83
14,14.1,14.1.1,50,bangladesh,2020,center for ocean-atmospheric prediction studies (coaps),70.65
14,14.1,14.1.1,50,bangladesh,2021,center for ocean-atmospheric prediction studies (coaps),74.78
14,14.1,14.1.1,52,barbados,2017,center for ocean-atmospheric prediction studies (coaps),57.89
14,14.1,14.1.1,52,barbados,2018,center for ocean-atmospheric prediction studies (coaps),54.5
14,14.1,14.1.1,52,barbados,2019,center for ocean-atmospheric prediction studies (coaps),52.43
14,14.1,14.1.1,52,barbados,2020,center for ocean-atmospheric prediction studies (coaps),50.17
14,14.1,14.1.1,52,barbados,2021,center for ocean-atmospheric prediction studies (coaps),49.83
14,14.1,14.1.1,56,belgium,2017,center for ocean-atmospheric prediction studies (coaps),85.71
14,14.1,14.1.1,56,belgium,2018,center for ocean-atmospheric prediction studies (coaps),65.52
14,14.1,14.1.1,56,belgium,2019,center for ocean-atmospheric prediction studies (coaps),53.33
14,14.1,14.1.1,56,belgium,2020,center for ocean-atmospheric prediction studies (coaps),74.19
14,14.1,14.1.1,56,belgium,2021,center for ocean-atmospheric prediction studies (coaps),68.75
14,14.1,14.1.1,84,belize,2017,center for ocean-atmospheric prediction studies (coaps),96.4
14,14.1,14.1.1,84,belize,2018,center for ocean-atmospheric prediction studies (coaps),95.58
14,14.1,14.1.1,84,belize,2019,center for ocean-atmospheric prediction studies (coaps),94.9
14,14.1,14.1.1,84,belize,2020,center for ocean-atmospheric prediction studies (coaps),96.82
14,14.1,14.1.1,84,belize,2021,center for ocean-atmospheric prediction studies (coaps),96.17
14,14.1,14.1.1,204,benin,2017,center for ocean-atmospheric prediction studies (coaps),98.07
14,14.1,14.1.1,204,benin,2018,center for ocean-atmospheric prediction studies (coaps),98.11
14,14.1,14.1.1,204,benin,2019,center for ocean-atmospheric prediction studies (coaps),99.25
14,14.1,14.1.1,204,benin,2020,center for ocean-atmospheric prediction studies (coaps),98.18
14,14.1,14.1.1,204,benin,2021,center for ocean-atmospheric prediction studies (coaps),98.07
14,14.1,14.1.1,76,brazil,2017,center for ocean-atmospheric prediction studies (coaps),67.18
14,14.1,14.1.1,76,brazil,2018,center for ocean-atmospheric prediction studies (coaps),66.32
14,14.1,14.1.1,76,brazil,2019,center for ocean-atmospheric prediction studies (coaps),68.01
14,14.1,14.1.1,76,brazil,2020,center for ocean-atmospheric prediction studies (coaps),66.03
14,14.1,14.1.1,76,brazil,2021,center for ocean-atmospheric prediction studies (coaps),64.2
14,14.1,14.1.1,96,brunei darussalam,2017,center for ocean-atmospheric prediction studies (coaps),54.48
14,14.1,14.1.1,96,brunei darussalam,2018,center for ocean-atmospheric prediction studies (coaps),59.78
14,14.1,14.1.1,96,brunei darussalam,2019,center for ocean-atmospheric prediction studies (coaps),61.64
14,14.1,14.1.1,96,brunei darussalam,2020,center for ocean-atmospheric prediction studies (coaps),53.72
14,14.1,14.1.1,96,brunei darussalam,2021,center for ocean-atmospheric prediction studies (coaps),53.94
14,14.1,14.1.1,100,bulgaria,2017,center for ocean-atmospheric prediction studies (coaps),56.25
14,14.1,14.1.1,100,bulgaria,2018,center for ocean-atmospheric prediction studies (coaps),83.23
14,14.1,14.1.1,100,bulgaria,2019,center for ocean-atmospheric prediction studies (coaps),69.94
14,14.1,14.1.1,100,bulgaria,2020,center for ocean-atmospheric prediction studies (coaps),83.15
14,14.1,14.1.1,100,bulgaria,2021,center for ocean-atmospheric prediction studies (coaps),65.93
14,14.1,14.1.1,132,cabo verde,2017,center for ocean-atmospheric prediction studies (coaps),40.03
14,14.1,14.1.1,132,cabo verde,2018,center for ocean-atmospheric prediction studies (coaps),41.59
14,14.1,14.1.1,132,cabo verde,2019,center for ocean-atmospheric prediction studies (coaps),43.86
14,14.1,14.1.1,132,cabo verde,2020,center for ocean-atmospheric prediction studies (coaps),42.14
14,14.1,14.1.1,132,cabo verde,2021,center for ocean-atmospheric prediction studies (coaps),42.62
14,14.1,14.1.1,116,cambodia,2017,center for ocean-atmospheric prediction studies (coaps),67.18
14,14.1,14.1.1,116,cambodia,2018,center for ocean-atmospheric prediction studies (coaps),73.62
14,14.1,14.1.1,116,cambodia,2019,center for ocean-atmospheric prediction studies (coaps),73.15
14,14.1,14.1.1,116,cambodia,2020,center for ocean-atmospheric prediction studies (coaps),75.33
14,14.1,14.1.1,116,cambodia,2021,center for ocean-atmospheric prediction studies (coaps),70.44
14,14.1,14.1.1,120,cameroon,2017,center for ocean-atmospheric prediction studies (coaps),99.6
14,14.1,14.1.1,120,cameroon,2018,center for ocean-atmospheric prediction studies (coaps),99.56
14,14.1,14.1.1,120,cameroon,2019,center for ocean-atmospheric prediction studies (coaps),99.72
14,14.1,14.1.1,120,cameroon,2020,center for ocean-atmospheric prediction studies (coaps),99.63
14,14.1,14.1.1,120,cameroon,2021,center for ocean-atmospheric prediction studies (coaps),99.14
14,14.1,14.1.1,124,canada,2017,center for ocean-atmospheric prediction studies (coaps),62.2
14,14.1,14.1.1,124,canada,2018,center for ocean-atmospheric prediction studies (coaps),69.85
14,14.1,14.1.1,124,canada,2019,center for ocean-atmospheric prediction studies (coaps),65.88
14,14.1,14.1.1,124,canada,2020,center for ocean-atmospheric prediction studies (coaps),60.58
14,14.1,14.1.1,124,canada,2021,center for ocean-atmospheric prediction studies (coaps),66.82
14,14.1,14.1.1,29,caribbean,2022,center for ocean-atmospheric prediction studies (coaps),57.6
14,14.1,14.1.1,13,central america,2017,center for ocean-atmospheric prediction studies (coaps),61.51
14,14.1,14.1.1,13,central america,2018,center for ocean-atmospheric prediction studies (coaps),59.62
14,14.1,14.1.1,13,central america,2019,center for ocean-atmospheric prediction studies (coaps),60.3
14,14.1,14.1.1,13,central america,2020,center for ocean-atmospheric prediction studies (coaps),63.24
14,14.1,14.1.1,13,central america,2021,center for ocean-atmospheric prediction studies (coaps),65.1
14,14.1,14.1.1,13,central america,2022,center for ocean-atmospheric prediction studies (coaps),65.78
14,14.1,14.1.1,62,central and southern asia,2022,center for ocean-atmospheric prediction studies (coaps),67.42
14,14.1,14.1.1,152,chile,2017,center for ocean-atmospheric prediction studies (coaps),24.54
14,14.1,14.1.1,152,chile,2018,center for ocean-atmospheric prediction studies (coaps),24.72
14,14.1,14.1.1,152,chile,2019,center for ocean-atmospheric prediction studies (coaps),27.04
14,14.1,14.1.1,152,chile,2020,center for ocean-atmospheric prediction studies (coaps),30.34
14,14.1,14.1.1,152,chile,2021,center for ocean-atmospheric prediction studies (coaps),34.66
14,14.1,14.1.1,156,china,2017,center for ocean-atmospheric prediction studies (coaps),77.92
14,14.1,14.1.1,156,china,2018,center for ocean-atmospheric prediction studies (coaps),81.25
14,14.1,14.1.1,156,china,2019,center for ocean-atmospheric prediction studies (coaps),84.25
14,14.1,14.1.1,156,china,2020,center for ocean-atmospheric prediction studies (coaps),84.81
14,14.1,14.1.1,156,china,2021,center for ocean-atmospheric prediction studies (coaps),78.3
14,14.1,14.1.1,344,"china, hong kong special administrative region",2017,center for ocean-atmospheric prediction studies (coaps),78.44
14,14.1,14.1.1,344,"china, hong kong special administrative region",2018,center for ocean-atmospheric prediction studies (coaps),77.28
14,14.1,14.1.1,344,"china, hong kong special administrative region",2019,center for ocean-atmospheric prediction studies (coaps),82.6
14,14.1,14.1.1,344,"china, hong kong special administrative region",2020,center for ocean-atmospheric prediction studies (coaps),81.07
14,14.1,14.1.1,344,"china, hong kong special administrative region",2021,center for ocean-atmospheric prediction studies (coaps),82.53
14,14.1,14.1.1,170,colombia,2017,center for ocean-atmospheric prediction studies (coaps),85.66
14,14.1,14.1.1,170,colombia,2018,center for ocean-atmospheric prediction studies (coaps),89.49
14,14.1,14.1.1,170,colombia,2019,center for ocean-atmospheric prediction studies (coaps),90.41
14,14.1,14.1.1,170,colombia,2020,center for ocean-atmospheric prediction studies (coaps),83.55
14,14.1,14.1.1,170,colombia,2021,center for ocean-atmospheric prediction studies (coaps),86.74
14,14.1,14.1.1,174,comoros,2017,center for ocean-atmospheric prediction studies (coaps),63.22
14,14.1,14.1.1,174,comoros,2018,center for ocean-atmospheric prediction studies (coaps),60.72
14,14.1,14.1.1,174,comoros,2019,center for ocean-atmospheric prediction studies (coaps),60.87
14,14.1,14.1.1,174,comoros,2020,center for ocean-atmospheric prediction studies (coaps),57.67
14,14.1,14.1.1,174,comoros,2021,center for ocean-atmospheric prediction studies (coaps),59.99
14,14.1,14.1.1,178,congo,2017,center for ocean-atmospheric prediction studies (coaps),97.81
14,14.1,14.1.1,178,congo,2018,center for ocean-atmospheric prediction studies (coaps),98.85
14,14.1,14.1.1,178,congo,2019,center for ocean-atmospheric prediction studies (coaps),99.63
14,14.1,14.1.1,178,congo,2020,center for ocean-atmospheric prediction studies (coaps),98.14
14,14.1,14.1.1,178,congo,2021,center for ocean-atmospheric prediction studies (coaps),98.52
14,14.1,14.1.1,188,costa rica,2017,center for ocean-atmospheric prediction studies (coaps),69.4
14,14.1,14.1.1,188,costa rica,2018,center for ocean-atmospheric prediction studies (coaps),72.18
14,14.1,14.1.1,188,costa rica,2019,center for ocean-atmospheric prediction studies (coaps),70.34
14,14.1,14.1.1,188,costa rica,2020,center for ocean-atmospheric prediction studies (coaps),68.98
14,14.1,14.1.1,188,costa rica,2021,center for ocean-atmospheric prediction studies (coaps),72.01
14,14.1,14.1.1,384,côte d'ivoire,2017,center for ocean-atmospheric prediction studies (coaps),99.97
14,14.1,14.1.1,384,côte d'ivoire,2018,center for ocean-atmospheric prediction studies (coaps),98.63
14,14.1,14.1.1,384,côte d'ivoire,2019,center for ocean-atmospheric prediction studies (coaps),98.27
14,14.1,14.1.1,384,côte d'ivoire,2020,center for ocean-atmospheric prediction studies (coaps),98.16
14,14.1,14.1.1,384,côte d'ivoire,2021,center for ocean-atmospheric prediction studies (coaps),98.46
14,14.1,14.1.1,191,croatia,2017,center for ocean-atmospheric prediction studies (coaps),57.37
14,14.1,14.1.1,191,croatia,2018,center for ocean-atmospheric prediction studies (coaps),63.44
14,14.1,14.1.1,191,croatia,2019,center for ocean-atmospheric prediction studies (coaps),61.04
14,14.1,14.1.1,191,croatia,2020,center for ocean-atmospheric prediction studies (coaps),62.23
14,14.1,14.1.1,191,croatia,2021,center for ocean-atmospheric prediction studies (coaps),58.7
14,14.1,14.1.1,196,cyprus,2017,center for ocean-atmospheric prediction studies (coaps),77.58
14,14.1,14.1.1,196,cyprus,2018,center for ocean-atmospheric prediction studies (coaps),73.99
14,14.1,14.1.1,196,cyprus,2019,center for ocean-atmospheric prediction studies (coaps),68.72
14,14.1,14.1.1,196,cyprus,2020,center for ocean-atmospheric prediction studies (coaps),77.17
14,14.1,14.1.1,196,cyprus,2021,center for ocean-atmospheric prediction studies (coaps),76.06
14,14.1,14.1.1,408,democratic people's republic of korea,2017,center for ocean-atmospheric prediction studies (coaps),48.1
14,14.1,14.1.1,408,democratic people's republic of korea,2018,center for ocean-atmospheric prediction studies (coaps),41.2
14,14.1,14.1.1,408,democratic people's republic of korea,2019,center for ocean-atmospheric prediction studies (coaps),44.86
14,14.1,14.1.1,408,democratic people's republic of korea,2020,center for ocean-atmospheric prediction studies (coaps),48.03
14,14.1,14.1.1,408,democratic people's republic of korea,2021,center for ocean-atmospheric prediction studies (coaps),46.84
14,14.1,14.1.1,180,democratic republic of the congo,2017,center for ocean-atmospheric prediction studies (coaps),95.17
14,14.1,14.1.1,180,democratic republic of the congo,2018,center for ocean-atmospheric prediction studies (coaps),93.42
14,14.1,14.1.1,180,democratic republic of the congo,2019,center for ocean-atmospheric prediction studies (coaps),94.9
14,14.1,14.1.1,180,democratic republic of the congo,2020,center for ocean-atmospheric prediction studies (coaps),95.65
14,14.1,14.1.1,180,democratic republic of the congo,2021,center for ocean-atmospheric prediction studies (coaps),97.58
14,14.1,14.1.1,208,denmark,2017,center for ocean-atmospheric prediction studies (coaps),90.97
14,14.1,14.1.1,208,denmark,2018,center for ocean-atmospheric prediction studies (coaps),74.69
14,14.1,14.1.1,208,denmark,2019,center for ocean-atmospheric prediction studies (coaps),74.4
14,14.1,14.1.1,208,denmark,2020,center for ocean-atmospheric prediction studies (coaps),83.24
14,14.1,14.1.1,208,denmark,2021,center for ocean-atmospheric prediction studies (coaps),79.1
14,14.1,14.1.1,262,djibouti,2017,center for ocean-atmospheric prediction studies (coaps),79.21
14,14.1,14.1.1,262,djibouti,2018,center for ocean-atmospheric prediction studies (coaps),83.07
14,14.1,14.1.1,262,djibouti,2019,center for ocean-atmospheric prediction studies (coaps),87.93
14,14.1,14.1.1,262,djibouti,2020,center for ocean-atmospheric prediction studies (coaps),77.44
14,14.1,14.1.1,262,djibouti,2021,center for ocean-atmospheric prediction studies (coaps),82.44
14,14.1,14.1.1,212,dominica,2017,center for ocean-atmospheric prediction studies (coaps),51.6
14,14.1,14.1.1,212,dominica,2018,center for ocean-atmospheric prediction studies (coaps),53.94
14,14.1,14.1.1,212,dominica,2019,center for ocean-atmospheric prediction studies (coaps),57.46
14,14.1,14.1.1,212,dominica,2020,center for ocean-atmospheric prediction studies (coaps),51.64
14,14.1,14.1.1,212,dominica,2021,center for ocean-atmospheric prediction studies (coaps),51.14
14,14.1,14.1.1,214,dominican republic,2017,center for ocean-atmospheric prediction studies (coaps),64.93
14,14.1,14.1.1,214,dominican republic,2018,center for ocean-atmospheric prediction studies (coaps),65.39
14,14.1,14.1.1,214,dominican republic,2019,center for ocean-atmospheric prediction studies (coaps),65.72
14,14.1,14.1.1,214,dominican republic,2020,center for ocean-atmospheric prediction studies (coaps),59.07
14,14.1,14.1.1,214,dominican republic,2021,center for ocean-atmospheric prediction studies (coaps),58.19
14,14.1,14.1.1,14,eastern africa,2022,center for ocean-atmospheric prediction studies (coaps),61.35
14,14.1,14.1.1,753,eastern and south-eastern asia,2017,center for ocean-atmospheric prediction studies (coaps),71.44
14,14.1,14.1.1,753,eastern and south-eastern asia,2018,center for ocean-atmospheric prediction studies (coaps),74.42
14,14.1,14.1.1,753,eastern and south-eastern asia,2019,center for ocean-atmospheric prediction studies (coaps),76.89
14,14.1,14.1.1,753,eastern and south-eastern asia,2020,center for ocean-atmospheric prediction studies (coaps),75.79
14,14.1,14.1.1,753,eastern and south-eastern asia,2021,center for ocean-atmospheric prediction studies (coaps),71.51
14,14.1,14.1.1,753,eastern and south-eastern asia,2022,center for ocean-atmospheric prediction studies (coaps),68.67
14,14.1,14.1.1,30,eastern asia,2017,center for ocean-atmospheric prediction studies (coaps),75.11
14,14.1,14.1.1,30,eastern asia,2018,center for ocean-atmospheric prediction studies (coaps),78.05
14,14.1,14.1.1,30,eastern asia,2019,center for ocean-atmospheric prediction studies (coaps),80.97
14,14.1,14.1.1,30,eastern asia,2020,center for ocean-atmospheric prediction studies (coaps),81.53
14,14.1,14.1.1,30,eastern asia,2021,center for ocean-atmospheric prediction studies (coaps),75.36
14,14.1,14.1.1,30,eastern asia,2022,center for ocean-atmospheric prediction studies (coaps),82.27
14,14.1,14.1.1,151,eastern europe,2017,center for ocean-atmospheric prediction studies (coaps),62.71
14,14.1,14.1.1,151,eastern europe,2018,center for ocean-atmospheric prediction studies (coaps),61.14
14,14.1,14.1.1,151,eastern europe,2019,center for ocean-atmospheric prediction studies (coaps),60.97
14,14.1,14.1.1,151,eastern europe,2020,center for ocean-atmospheric prediction studies (coaps),64.34
14,14.1,14.1.1,151,eastern europe,2021,center for ocean-atmospheric prediction studies (coaps),59.81
14,14.1,14.1.1,151,eastern europe,2022,center for ocean-atmospheric prediction studies (coaps),62.01
14,14.1,14.1.1,218,ecuador,2017,center for ocean-atmospheric prediction studies (coaps),99.29
14,14.1,14.1.1,218,ecuador,2018,center for ocean-atmospheric prediction studies (coaps),99.08
14,14.1,14.1.1,218,ecuador,2019,center for ocean-atmospheric prediction studies (coaps),98.81
14,14.1,14.1.1,218,ecuador,2020,center for ocean-atmospheric prediction studies (coaps),99.52
14,14.1,14.1.1,218,ecuador,2021,center for ocean-atmospheric prediction studies (coaps),99.85
14,14.1,14.1.1,818,egypt,2017,center for ocean-atmospheric prediction studies (coaps),92.7
14,14.1,14.1.1,818,egypt,2018,center for ocean-atmospheric prediction studies (coaps),83.61
14,14.1,14.1.1,818,egypt,2019,center for ocean-atmospheric prediction studies (coaps),80.17
14,14.1,14.1.1,818,egypt,2020,center for ocean-atmospheric prediction studies (coaps),84.63
14,14.1,14.1.1,818,egypt,2021,center for ocean-atmospheric prediction studies (coaps),84.91
14,14.1,14.1.1,222,el salvador,2017,center for ocean-atmospheric prediction studies (coaps),43.2
14,14.1,14.1.1,222,el salvador,2018,center for ocean-atmospheric prediction studies (coaps),40.47
14,14.1,14.1.1,222,el salvador,2019,center for ocean-atmospheric prediction studies (coaps),39.71
14,14.1,14.1.1,222,el salvador,2020,center for ocean-atmospheric prediction studies (coaps),47.03
14,14.1,14.1.1,222,el salvador,2021,center for ocean-atmospheric prediction studies (coaps),49.13
14,14.1,14.1.1,226,equatorial guinea,2017,center for ocean-atmospheric prediction studies (coaps),98.49
14,14.1,14.1.1,226,equatorial guinea,2018,center for ocean-atmospheric prediction studies (coaps),98.5
14,14.1,14.1.1,226,equatorial guinea,2019,center for ocean-atmospheric prediction studies (coaps),98.74
14,14.1,14.1.1,226,equatorial guinea,2020,center for ocean-atmospheric prediction studies (coaps),98.5
14,14.1,14.1.1,226,equatorial guinea,2021,center for ocean-atmospheric prediction studies (coaps),96.55
14,14.1,14.1.1,232,eritrea,2017,center for ocean-atmospheric prediction studies (coaps),88.8
14,14.1,14.1.1,232,eritrea,2018,center for ocean-atmospheric prediction studies (coaps),86.05
14,14.1,14.1.1,232,eritrea,2019,center for ocean-atmospheric prediction studies (coaps),95.91
14,14.1,14.1.1,232,eritrea,2020,center for ocean-atmospheric prediction studies (coaps),85.97
14,14.1,14.1.1,232,eritrea,2021,center for ocean-atmospheric prediction studies (coaps),95.1
14,14.1,14.1.1,233,estonia,2017,center for ocean-atmospheric prediction studies (coaps),94.78
14,14.1,14.1.1,233,estonia,2018,center for ocean-atmospheric prediction studies (coaps),95.0
14,14.1,14.1.1,233,estonia,2019,center for ocean-atmospheric prediction studies (coaps),86.21
14,14.1,14.1.1,233,estonia,2020,center for ocean-atmospheric prediction studies (coaps),98.66
14,14.1,14.1.1,233,estonia,2021,center for ocean-atmospheric prediction studies (coaps),82.89
14,14.1,14.1.1,150,europe,2017,center for ocean-atmospheric prediction studies (coaps),64.98
14,14.1,14.1.1,150,europe,2018,center for ocean-atmospheric prediction studies (coaps),62.63
14,14.1,14.1.1,150,europe,2019,center for ocean-atmospheric prediction studies (coaps),62.62
14,14.1,14.1.1,150,europe,2020,center for ocean-atmospheric prediction studies (coaps),66.49
14,14.1,14.1.1,150,europe,2021,center for ocean-atmospheric prediction studies (coaps),61.99
14,14.1,14.1.1,150,europe,2022,center for ocean-atmospheric prediction studies (coaps),68.16
14,14.1,14.1.1,513,europe and northern america,2017,center for ocean-atmospheric prediction studies (coaps),56.53
14,14.1,14.1.1,513,europe and northern america,2018,center for ocean-atmospheric prediction studies (coaps),57.04
14,14.1,14.1.1,513,europe and northern america,2019,center for ocean-atmospheric prediction studies (coaps),56.07
14,14.1,14.1.1,513,europe and northern america,2020,center for ocean-atmospheric prediction studies (coaps),56.86
14,14.1,14.1.1,513,europe and northern america,2021,center for ocean-atmospheric prediction studies (coaps),55.93
14,14.1,14.1.1,513,europe and northern america,2022,center for ocean-atmospheric prediction studies (coaps),59.63
14,14.1,14.1.1,242,fiji,2017,center for ocean-atmospheric prediction studies (coaps),72.89
14,14.1,14.1.1,242,fiji,2018,center for ocean-atmospheric prediction studies (coaps),67.22
14,14.1,14.1.1,242,fiji,2019,center for ocean-atmospheric prediction studies (coaps),76.4
14,14.1,14.1.1,242,fiji,2020,center for ocean-atmospheric prediction studies (coaps),75.95
14,14.1,14.1.1,242,fiji,2021,center for ocean-atmospheric prediction studies (coaps),69.97
14,14.1,14.1.1,246,finland,2017,center for ocean-atmospheric prediction studies (coaps),94.29
14,14.1,14.1.1,246,finland,2018,center for ocean-atmospheric prediction studies (coaps),90.97
14,14.1,14.1.1,246,finland,2019,center for ocean-atmospheric prediction studies (coaps),90.85
14,14.1,14.1.1,246,finland,2020,center for ocean-atmospheric prediction studies (coaps),97.1
14,14.1,14.1.1,246,finland,2021,center for ocean-atmospheric prediction studies (coaps),81.48
14,14.1,14.1.1,250,france,2017,center for ocean-atmospheric prediction studies (coaps),73.77
14,14.1,14.1.1,250,france,2018,center for ocean-atmospheric prediction studies (coaps),68.53
14,14.1,14.1.1,250,france,2019,center for ocean-atmospheric prediction studies (coaps),66.21
14,14.1,14.1.1,250,france,2020,center for ocean-atmospheric prediction studies (coaps),73.25
14,14.1,14.1.1,250,france,2021,center for ocean-atmospheric prediction studies (coaps),71.62
14,14.1,14.1.1,254,french guiana,2017,center for ocean-atmospheric prediction studies (coaps),77.97
14,14.1,14.1.1,254,french guiana,2018,center for ocean-atmospheric prediction studies (coaps),78.69
14,14.1,14.1.1,254,french guiana,2019,center for ocean-atmospheric prediction studies (coaps),79.69
14,14.1,14.1.1,254,french guiana,2020,center for ocean-atmospheric prediction studies (coaps),67.69
14,14.1,14.1.1,254,french guiana,2021,center for ocean-atmospheric prediction studies (coaps),70.15
14,14.1,14.1.1,266,gabon,2017,center for ocean-atmospheric prediction studies (coaps),99.36
14,14.1,14.1.1,266,gabon,2018,center for ocean-atmospheric prediction studies (coaps),99.58
14,14.1,14.1.1,266,gabon,2019,center for ocean-atmospheric prediction studies (coaps),99.59
14,14.1,14.1.1,266,gabon,2020,center for ocean-atmospheric prediction studies (coaps),99.38
14,14.1,14.1.1,266,gabon,2021,center for ocean-atmospheric prediction studies (coaps),99.27
14,14.1,14.1.1,270,gambia,2017,center for ocean-atmospheric prediction studies (coaps),72.43
14,14.1,14.1.1,270,gambia,2018,center for ocean-atmospheric prediction studies (coaps),77.97
14,14.1,14.1.1,270,gambia,2019,center for ocean-atmospheric prediction studies (coaps),80.31
14,14.1,14.1.1,270,gambia,2020,center for ocean-atmospheric prediction studies (coaps),82.6
14,14.1,14.1.1,270,gambia,2021,center for ocean-atmospheric prediction studies (coaps),87.57
14,14.1,14.1.1,268,georgia,2017,center for ocean-atmospheric prediction studies (coaps),39.28
14,14.1,14.1.1,268,georgia,2018,center for ocean-atmospheric prediction studies (coaps),50.42
14,14.1,14.1.1,268,georgia,2019,center for ocean-atmospheric prediction studies (coaps),48.79
14,14.1,14.1.1,268,georgia,2020,center for ocean-atmospheric prediction studies (coaps),51.96
14,14.1,14.1.1,268,georgia,2021,center for ocean-atmospheric prediction studies (coaps),48.03
14,14.1,14.1.1,276,germany,2017,center for ocean-atmospheric prediction studies (coaps),90.09
14,14.1,14.1.1,276,germany,2018,center for ocean-atmospheric prediction studies (coaps),75.78
14,14.1,14.1.1,276,germany,2019,center for ocean-atmospheric prediction studies (coaps),81.89
14,14.1,14.1.1,276,germany,2020,center for ocean-atmospheric prediction studies (coaps),86.87
14,14.1,14.1.1,276,germany,2021,center for ocean-atmospheric prediction studies (coaps),85.4
14,14.1,14.1.1,288,ghana,2017,center for ocean-atmospheric prediction studies (coaps),98.4
14,14.1,14.1.1,288,ghana,2018,center for ocean-atmospheric prediction studies (coaps),97.97
14,14.1,14.1.1,288,ghana,2019,center for ocean-atmospheric prediction studies (coaps),98.98
14,14.1,14.1.1,288,ghana,2020,center for ocean-atmospheric prediction studies (coaps),97.49
14,14.1,14.1.1,288,ghana,2021,center for ocean-atmospheric prediction studies (coaps),99.73
14,14.1,14.1.1,292,gibraltar,2017,center for ocean-atmospheric prediction studies (coaps),61.22
14,14.1,14.1.1,292,gibraltar,2018,center for ocean-atmospheric prediction studies (coaps),51.92
14,14.1,14.1.1,292,gibraltar,2019,center for ocean-atmospheric prediction studies (coaps),59.26
14,14.1,14.1.1,292,gibraltar,2020,center for ocean-atmospheric prediction studies (coaps),54.55
14,14.1,14.1.1,292,gibraltar,2021,center for ocean-atmospheric prediction studies (coaps),69.64
14,14.1,14.1.1,300,greece,2017,center for ocean-atmospheric prediction studies (coaps),81.67
14,14.1,14.1.1,300,greece,2018,center for ocean-atmospheric prediction studies (coaps),78.25
14,14.1,14.1.1,300,greece,2019,center for ocean-atmospheric prediction studies (coaps),72.62
14,14.1,14.1.1,300,greece,2020,center for ocean-atmospheric prediction studies (coaps),79.24
14,14.1,14.1.1,300,greece,2021,center for ocean-atmospheric prediction studies (coaps),78.03
14,14.1,14.1.1,308,grenada,2017,center for ocean-atmospheric prediction studies (coaps),63.15
14,14.1,14.1.1,308,grenada,2018,center for ocean-atmospheric prediction studies (coaps),60.59
14,14.1,14.1.1,308,grenada,2019,center for ocean-atmospheric prediction studies (coaps),60.44
14,14.1,14.1.1,308,grenada,2020,center for ocean-atmospheric prediction studies (coaps),60.11
14,14.1,14.1.1,308,grenada,2021,center for ocean-atmospheric prediction studies (coaps),61.91
14,14.1,14.1.1,312,guadeloupe,2017,center for ocean-atmospheric prediction studies (coaps),57.14
14,14.1,14.1.1,312,guadeloupe,2018,center for ocean-atmospheric prediction studies (coaps),59.09
14,14.1,14.1.1,312,guadeloupe,2019,center for ocean-atmospheric prediction studies (coaps),60.0
14,14.1,14.1.1,312,guadeloupe,2020,center for ocean-atmospheric prediction studies (coaps),52.17
14,14.1,14.1.1,312,guadeloupe,2021,center for ocean-atmospheric prediction studies (coaps),46.81
14,14.1,14.1.1,320,guatemala,2017,center for ocean-atmospheric prediction studies (coaps),57.3
14,14.1,14.1.1,320,guatemala,2018,center for ocean-atmospheric prediction studies (coaps),53.49
14,14.1,14.1.1,320,guatemala,2019,center for ocean-atmospheric prediction studies (coaps),47.6
14,14.1,14.1.1,320,guatemala,2020,center for ocean-atmospheric prediction studies (coaps),50.73
14,14.1,14.1.1,320,guatemala,2021,center for ocean-atmospheric prediction studies (coaps),52.47
14,14.1,14.1.1,324,guinea,2017,center for ocean-atmospheric prediction studies (coaps),99.67
14,14.1,14.1.1,324,guinea,2018,center for ocean-atmospheric prediction studies (coaps),99.76
14,14.1,14.1.1,324,guinea,2019,center for ocean-atmospheric prediction studies (coaps),99.32
14,14.1,14.1.1,324,guinea,2020,center for ocean-atmospheric prediction studies (coaps),99.85
14,14.1,14.1.1,324,guinea,2021,center for ocean-atmospheric prediction studies (coaps),99.88
14,14.1,14.1.1,624,guinea-bissau,2017,center for ocean-atmospheric prediction studies (coaps),88.91
14,14.1,14.1.1,624,guinea-bissau,2018,center for ocean-atmospheric prediction studies (coaps),95.19
14,14.1,14.1.1,624,guinea-bissau,2019,center for ocean-atmospheric prediction studies (coaps),94.46
14,14.1,14.1.1,624,guinea-bissau,2020,center for ocean-atmospheric prediction studies (coaps),95.94
14,14.1,14.1.1,624,guinea-bissau,2021,center for ocean-atmospheric prediction studies (coaps),98.25
14,14.1,14.1.1,328,guyana,2017,center for ocean-atmospheric prediction studies (coaps),89.06
14,14.1,14.1.1,328,guyana,2018,center for ocean-atmospheric prediction studies (coaps),93.62
14,14.1,14.1.1,328,guyana,2019,center for ocean-atmospheric prediction studies (coaps),89.3
14,14.1,14.1.1,328,guyana,2020,center for ocean-atmospheric prediction studies (coaps),79.7
14,14.1,14.1.1,328,guyana,2021,center for ocean-atmospheric prediction studies (coaps),83.0
14,14.1,14.1.1,332,haiti,2017,center for ocean-atmospheric prediction studies (coaps),58.45
14,14.1,14.1.1,332,haiti,2018,center for ocean-atmospheric prediction studies (coaps),58.3
14,14.1,14.1.1,332,haiti,2019,center for ocean-atmospheric prediction studies (coaps),61.61
14,14.1,14.1.1,332,haiti,2020,center for ocean-atmospheric prediction studies (coaps),58.32
14,14.1,14.1.1,332,haiti,2021,center for ocean-atmospheric prediction studies (coaps),59.07
14,14.1,14.1.1,340,honduras,2017,center for ocean-atmospheric prediction studies (coaps),96.6
14,14.1,14.1.1,340,honduras,2018,center for ocean-atmospheric prediction studies (coaps),94.01
14,14.1,14.1.1,340,honduras,2019,center for ocean-atmospheric prediction studies (coaps),95.01
14,14.1,14.1.1,340,honduras,2020,center for ocean-atmospheric prediction studies (coaps),97.95
14,14.1,14.1.1,340,honduras,2021,center for ocean-atmospheric prediction studies (coaps),95.25
14,14.1,14.1.1,352,iceland,2017,center for ocean-atmospheric prediction studies (coaps),25.0
14,14.1,14.1.1,352,iceland,2018,center for ocean-atmospheric prediction studies (coaps),36.84
14,14.1,14.1.1,352,iceland,2019,center for ocean-atmospheric prediction studies (coaps),38.46
14,14.1,14.1.1,352,iceland,2020,center for ocean-atmospheric prediction studies (coaps),47.5
14,14.1,14.1.1,352,iceland,2021,center for ocean-atmospheric prediction studies (coaps),39.02
14,14.1,14.1.1,356,india,2017,center for ocean-atmospheric prediction studies (coaps),61.32
14,14.1,14.1.1,356,india,2018,center for ocean-atmospheric prediction studies (coaps),63.2
14,14.1,14.1.1,356,india,2019,center for ocean-atmospheric prediction studies (coaps),63.52
14,14.1,14.1.1,356,india,2020,center for ocean-atmospheric prediction studies (coaps),63.33
14,14.1,14.1.1,356,india,2021,center for ocean-atmospheric prediction studies (coaps),66.01
14,14.1,14.1.1,360,indonesia,2017,center for ocean-atmospheric prediction studies (coaps),59.92
14,14.1,14.1.1,360,indonesia,2018,center for ocean-atmospheric prediction studies (coaps),62.57
14,14.1,14.1.1,360,indonesia,2019,center for ocean-atmospheric prediction studies (coaps),64.67
14,14.1,14.1.1,360,indonesia,2020,center for ocean-atmospheric prediction studies (coaps),54.04
14,14.1,14.1.1,360,indonesia,2021,center for ocean-atmospheric prediction studies (coaps),54.96
14,14.1,14.1.1,364,iran (islamic republic of),2017,center for ocean-atmospheric prediction studies (coaps),88.88
14,14.1,14.1.1,364,iran (islamic republic of),2018,center for ocean-atmospheric prediction studies (coaps),89.33
14,14.1,14.1.1,364,iran (islamic republic of),2019,center for ocean-atmospheric prediction studies (coaps),90.15
14,14.1,14.1.1,364,iran (islamic republic of),2020,center for ocean-atmospheric prediction studies (coaps),91.15
14,14.1,14.1.1,364,iran (islamic republic of),2021,center for ocean-atmospheric prediction studies (coaps),89.89
14,14.1,14.1.1,372,ireland,2017,center for ocean-atmospheric prediction studies (coaps),91.57
14,14.1,14.1.1,372,ireland,2018,center for ocean-atmospheric prediction studies (coaps),88.87
14,14.1,14.1.1,372,ireland,2019,center for ocean-atmospheric prediction studies (coaps),79.0
14,14.1,14.1.1,372,ireland,2020,center for ocean-atmospheric prediction studies (coaps),84.11
14,14.1,14.1.1,372,ireland,2021,center for ocean-atmospheric prediction studies (coaps),74.85
14,14.1,14.1.1,376,israel,2017,center for ocean-atmospheric prediction studies (coaps),81.54
14,14.1,14.1.1,376,israel,2018,center for ocean-atmospheric prediction studies (coaps),73.02
14,14.1,14.1.1,376,israel,2019,center for ocean-atmospheric prediction studies (coaps),73.77
14,14.1,14.1.1,376,israel,2020,center for ocean-atmospheric prediction studies (coaps),77.52
14,14.1,14.1.1,376,israel,2021,center for ocean-atmospheric prediction studies (coaps),76.98
14,14.1,14.1.1,380,italy,2017,center for ocean-atmospheric prediction studies (coaps),65.91
14,14.1,14.1.1,380,italy,2018,center for ocean-atmospheric prediction studies (coaps),61.69
14,14.1,14.1.1,380,italy,2019,center for ocean-atmospheric prediction studies (coaps),62.75
14,14.1,14.1.1,380,italy,2020,center for ocean-atmospheric prediction studies (coaps),70.08
14,14.1,14.1.1,380,italy,2021,center for ocean-atmospheric prediction studies (coaps),68.05
14,14.1,14.1.1,388,jamaica,2017,center for ocean-atmospheric prediction studies (coaps),50.83
14,14.1,14.1.1,388,jamaica,2018,center for ocean-atmospheric prediction studies (coaps),49.35
14,14.1,14.1.1,388,jamaica,2019,center for ocean-atmospheric prediction studies (coaps),50.68
14,14.1,14.1.1,388,jamaica,2020,center for ocean-atmospheric prediction studies (coaps),49.93
14,14.1,14.1.1,388,jamaica,2021,center for ocean-atmospheric prediction studies (coaps),50.35
14,14.1,14.1.1,392,japan,2017,center for ocean-atmospheric prediction studies (coaps),19.26
14,14.1,14.1.1,392,japan,2018,center for ocean-atmospheric prediction studies (coaps),18.09
14,14.1,14.1.1,392,japan,2019,center for ocean-atmospheric prediction studies (coaps),17.92
14,14.1,14.1.1,392,japan,2020,center for ocean-atmospheric prediction studies (coaps),16.72
14,14.1,14.1.1,392,japan,2021,center for ocean-atmospheric prediction studies (coaps),15.57
14,14.1,14.1.1,404,kenya,2017,center for ocean-atmospheric prediction studies (coaps),51.93
14,14.1,14.1.1,404,kenya,2018,center for ocean-atmospheric prediction studies (coaps),52.39
14,14.1,14.1.1,404,kenya,2019,center for ocean-atmospheric prediction studies (coaps),52.37
14,14.1,14.1.1,404,kenya,2020,center for ocean-atmospheric prediction studies (coaps),47.49
14,14.1,14.1.1,404,kenya,2021,center for ocean-atmospheric prediction studies (coaps),50.53
14,14.1,14.1.1,296,kiribati,2017,center for ocean-atmospheric prediction studies (coaps),47.06
14,14.1,14.1.1,296,kiribati,2018,center for ocean-atmospheric prediction studies (coaps),44.44
14,14.1,14.1.1,296,kiribati,2019,center for ocean-atmospheric prediction studies (coaps),43.24
14,14.1,14.1.1,296,kiribati,2020,center for ocean-atmospheric prediction studies (coaps),42.11
14,14.1,14.1.1,296,kiribati,2021,center for ocean-atmospheric prediction studies (coaps),46.15
14,14.1,14.1.1,414,kuwait,2017,center for ocean-atmospheric prediction studies (coaps),90.05
14,14.1,14.1.1,414,kuwait,2018,center for ocean-atmospheric prediction studies (coaps),91.86
14,14.1,14.1.1,414,kuwait,2019,center for ocean-atmospheric prediction studies (coaps),90.44
14,14.1,14.1.1,414,kuwait,2020,center for ocean-atmospheric prediction studies (coaps),90.32
14,14.1,14.1.1,414,kuwait,2021,center for ocean-atmospheric prediction studies (coaps),88.73
14,14.1,14.1.1,419,latin america and the caribbean,2017,center for ocean-atmospheric prediction studies (coaps),61.87
14,14.1,14.1.1,419,latin america and the caribbean,2018,center for ocean-atmospheric prediction studies (coaps),61.79
14,14.1,14.1.1,419,latin america and the caribbean,2019,center for ocean-atmospheric prediction studies (coaps),62.99
14,14.1,14.1.1,419,latin america and the caribbean,2020,center for ocean-atmospheric prediction studies (coaps),62.36
14,14.1,14.1.1,419,latin america and the caribbean,2021,center for ocean-atmospheric prediction studies (coaps),62.42
14,14.1,14.1.1,419,latin america and the caribbean,2022,center for ocean-atmospheric prediction studies (coaps),66.94
14,14.1,14.1.1,428,latvia,2017,center for ocean-atmospheric prediction studies (coaps),100.0
14,14.1,14.1.1,428,latvia,2018,center for ocean-atmospheric prediction studies (coaps),89.27
14,14.1,14.1.1,428,latvia,2019,center for ocean-atmospheric prediction studies (coaps),99.06
14,14.1,14.1.1,428,latvia,2020,center for ocean-atmospheric prediction studies (coaps),97.26
14,14.1,14.1.1,428,latvia,2021,center for ocean-atmospheric prediction studies (coaps),88.84
14,14.1,14.1.1,199,least developed countries (ldcs),2017,center for ocean-atmospheric prediction studies (coaps),81.41
14,14.1,14.1.1,199,least developed countries (ldcs),2018,center for ocean-atmospheric prediction studies (coaps),81.44
14,14.1,14.1.1,199,least developed countries (ldcs),2019,center for ocean-atmospheric prediction studies (coaps),82.73
14,14.1,14.1.1,199,least developed countries (ldcs),2020,center for ocean-atmospheric prediction studies (coaps),81.46
14,14.1,14.1.1,199,least developed countries (ldcs),2021,center for ocean-atmospheric prediction studies (coaps),83.04
14,14.1,14.1.1,199,least developed countries (ldcs),2022,center for ocean-atmospheric prediction studies (coaps),72.42
14,14.1,14.1.1,422,lebanon,2017,center for ocean-atmospheric prediction studies (coaps),77.84
14,14.1,14.1.1,422,lebanon,2018,center for ocean-atmospheric prediction studies (coaps),71.65
14,14.1,14.1.1,422,lebanon,2019,center for ocean-atmospheric prediction studies (coaps),70.46
14,14.1,14.1.1,422,lebanon,2020,center for ocean-atmospheric prediction studies (coaps),75.58
14,14.1,14.1.1,422,lebanon,2021,center for ocean-atmospheric prediction studies (coaps),75.8
14,14.1,14.1.1,430,liberia,2017,center for ocean-atmospheric prediction studies (coaps),99.69
14,14.1,14.1.1,430,liberia,2018,center for ocean-atmospheric prediction studies (coaps),98.79
14,14.1,14.1.1,430,liberia,2019,center for ocean-atmospheric prediction studies (coaps),99.09
14,14.1,14.1.1,430,liberia,2020,center for ocean-atmospheric prediction studies (coaps),99.84
14,14.1,14.1.1,430,liberia,2021,center for ocean-atmospheric prediction studies (coaps),99.62
14,14.1,14.1.1,434,libya,2017,center for ocean-atmospheric prediction studies (coaps),78.99
14,14.1,14.1.1,434,libya,2018,center for ocean-atmospheric prediction studies (coaps),73.86
14,14.1,14.1.1,434,libya,2019,center for ocean-atmospheric prediction studies (coaps),72.19
14,14.1,14.1.1,434,libya,2020,center for ocean-atmospheric prediction studies (coaps),78.25
14,14.1,14.1.1,434,libya,2021,center for ocean-atmospheric prediction studies (coaps),74.9
14,14.1,14.1.1,440,lithuania,2017,center for ocean-atmospheric prediction studies (coaps),98.59
14,14.1,14.1.1,440,lithuania,2018,center for ocean-atmospheric prediction studies (coaps),81.33
14,14.1,14.1.1,440,lithuania,2019,center for ocean-atmospheric prediction studies (coaps),93.51
14,14.1,14.1.1,440,lithuania,2020,center for ocean-atmospheric prediction studies (coaps),90.0
14,14.1,14.1.1,440,lithuania,2021,center for ocean-atmospheric prediction studies (coaps),86.42
14,14.1,14.1.1,450,madagascar,2017,center for ocean-atmospheric prediction studies (coaps),56.01
14,14.1,14.1.1,450,madagascar,2018,center for ocean-atmospheric prediction studies (coaps),56.68
14,14.1,14.1.1,450,madagascar,2019,center for ocean-atmospheric prediction studies (coaps),55.33
14,14.1,14.1.1,450,madagascar,2020,center for ocean-atmospheric prediction studies (coaps),56.73
14,14.1,14.1.1,450,madagascar,2021,center for ocean-atmospheric prediction studies (coaps),56.55
14,14.1,14.1.1,458,malaysia,2017,center for ocean-atmospheric prediction studies (coaps),58.5
14,14.1,14.1.1,458,malaysia,2018,center for ocean-atmospheric prediction studies (coaps),61.01
14,14.1,14.1.1,458,malaysia,2019,center for ocean-atmospheric prediction studies (coaps),60.91
14,14.1,14.1.1,458,malaysia,2020,center for ocean-atmospheric prediction studies (coaps),58.54
14,14.1,14.1.1,458,malaysia,2021,center for ocean-atmospheric prediction studies (coaps),59.1
14,14.1,14.1.1,462,maldives,2017,center for ocean-atmospheric prediction studies (coaps),50.5
14,14.1,14.1.1,462,maldives,2018,center for ocean-atmospheric prediction studies (coaps),51.18
14,14.1,14.1.1,462,maldives,2019,center for ocean-atmospheric prediction studies (coaps),46.58
14,14.1,14.1.1,462,maldives,2020,center for ocean-atmospheric prediction studies (coaps),42.22
14,14.1,14.1.1,462,maldives,2021,center for ocean-atmospheric prediction studies (coaps),50.0
14,14.1,14.1.1,470,malta,2017,center for ocean-atmospheric prediction studies (coaps),69.29
14,14.1,14.1.1,470,malta,2018,center for ocean-atmospheric prediction studies (coaps),60.54
14,14.1,14.1.1,470,malta,2019,center for ocean-atmospheric prediction studies (coaps),70.39
14,14.1,14.1.1,470,malta,2020,center for ocean-atmospheric prediction studies (coaps),70.51
14,14.1,14.1.1,470,malta,2021,center for ocean-atmospheric prediction studies (coaps),66.25
14,14.1,14.1.1,474,martinique,2017,center for ocean-atmospheric prediction studies (coaps),64.0
14,14.1,14.1.1,474,martinique,2018,center for ocean-atmospheric prediction studies (coaps),65.38
14,14.1,14.1.1,474,martinique,2019,center for ocean-atmospheric prediction studies (coaps),61.11
14,14.1,14.1.1,474,martinique,2020,center for ocean-atmospheric prediction studies (coaps),54.55
14,14.1,14.1.1,474,martinique,2021,center for ocean-atmospheric prediction studies (coaps),57.14
14,14.1,14.1.1,478,mauritania,2017,center for ocean-atmospheric prediction studies (coaps),65.65
14,14.1,14.1.1,478,mauritania,2018,center for ocean-atmospheric prediction studies (coaps),67.84
14,14.1,14.1.1,478,mauritania,2019,center for ocean-atmospheric prediction studies (coaps),69.75
14,14.1,14.1.1,478,mauritania,2020,center for ocean-atmospheric prediction studies (coaps),68.57
14,14.1,14.1.1,478,mauritania,2021,center for ocean-atmospheric prediction studies (coaps),70.01
14,14.1,14.1.1,480,mauritius,2017,center for ocean-atmospheric prediction studies (coaps),34.97
14,14.1,14.1.1,480,mauritius,2018,center for ocean-atmospheric prediction studies (coaps),32.67
14,14.1,14.1.1,480,mauritius,2019,center for ocean-atmospheric prediction studies (coaps),34.19
14,14.1,14.1.1,480,mauritius,2020,center for ocean-atmospheric prediction studies (coaps),36.48
14,14.1,14.1.1,480,mauritius,2021,center for ocean-atmospheric prediction studies (coaps),34.97
14,14.1,14.1.1,54,melanesia,2017,center for ocean-atmospheric prediction studies (coaps),76.96
14,14.1,14.1.1,54,melanesia,2018,center for ocean-atmospheric prediction studies (coaps),76.73
14,14.1,14.1.1,54,melanesia,2019,center for ocean-atmospheric prediction studies (coaps),81.28
14,14.1,14.1.1,54,melanesia,2020,center for ocean-atmospheric prediction studies (coaps),82.81
14,14.1,14.1.1,54,melanesia,2021,center for ocean-atmospheric prediction studies (coaps),79.75
14,14.1,14.1.1,54,melanesia,2022,center for ocean-atmospheric prediction studies (coaps),78.02
14,14.1,14.1.1,484,mexico,2017,center for ocean-atmospheric prediction studies (coaps),60.3
14,14.1,14.1.1,484,mexico,2018,center for ocean-atmospheric prediction studies (coaps),58.23
14,14.1,14.1.1,484,mexico,2019,center for ocean-atmospheric prediction studies (coaps),59.38
14,14.1,14.1.1,484,mexico,2020,center for ocean-atmospheric prediction studies (coaps),62.44
14,14.1,14.1.1,484,mexico,2021,center for ocean-atmospheric prediction studies (coaps),64.41
14,14.1,14.1.1,57,micronesia,2017,center for ocean-atmospheric prediction studies (coaps),48.21
14,14.1,14.1.1,57,micronesia,2018,center for ocean-atmospheric prediction studies (coaps),47.99
14,14.1,14.1.1,57,micronesia,2019,center for ocean-atmospheric prediction studies (coaps),47.62
14,14.1,14.1.1,57,micronesia,2020,center for ocean-atmospheric prediction studies (coaps),51.35
14,14.1,14.1.1,57,micronesia,2021,center for ocean-atmospheric prediction studies (coaps),50.69
14,14.1,14.1.1,57,micronesia,2022,center for ocean-atmospheric prediction studies (coaps),53.28
14,14.1,14.1.1,583,micronesia (federated states of),2017,center for ocean-atmospheric prediction studies (coaps),46.98
14,14.1,14.1.1,583,micronesia (federated states of),2018,center for ocean-atmospheric prediction studies (coaps),50.76
14,14.1,14.1.1,583,micronesia (federated states of),2019,center for ocean-atmospheric prediction studies (coaps),48.97
14,14.1,14.1.1,583,micronesia (federated states of),2020,center for ocean-atmospheric prediction studies (coaps),51.71
14,14.1,14.1.1,583,micronesia (federated states of),2021,center for ocean-atmospheric prediction studies (coaps),51.12
14,14.1,14.1.1,17,middle africa,2017,center for ocean-atmospheric prediction studies (coaps),96.96
14,14.1,14.1.1,17,middle africa,2018,center for ocean-atmospheric prediction studies (coaps),95.84
14,14.1,14.1.1,17,middle africa,2019,center for ocean-atmospheric prediction studies (coaps),97.08
14,14.1,14.1.1,17,middle africa,2020,center for ocean-atmospheric prediction studies (coaps),97.46
14,14.1,14.1.1,17,middle africa,2021,center for ocean-atmospheric prediction studies (coaps),98.28
14,14.1,14.1.1,17,middle africa,2022,center for ocean-atmospheric prediction studies (coaps),98.16
14,14.1,14.1.1,499,montenegro,2017,center for ocean-atmospheric prediction studies (coaps),58.32
14,14.1,14.1.1,499,montenegro,2018,center for ocean-atmospheric prediction studies (coaps),61.65
14,14.1,14.1.1,499,montenegro,2019,center for ocean-atmospheric prediction studies (coaps),60.72
14,14.1,14.1.1,499,montenegro,2020,center for ocean-atmospheric prediction studies (coaps),63.13
14,14.1,14.1.1,499,montenegro,2021,center for ocean-atmospheric prediction studies (coaps),62.9
14,14.1,14.1.1,504,morocco,2017,center for ocean-atmospheric prediction studies (coaps),42.17
14,14.1,14.1.1,504,morocco,2018,center for ocean-atmospheric prediction studies (coaps),42.68
14,14.1,14.1.1,504,morocco,2019,center for ocean-atmospheric prediction studies (coaps),47.37
14,14.1,14.1.1,504,morocco,2020,center for ocean-atmospheric prediction studies (coaps),44.21
14,14.1,14.1.1,504,morocco,2021,center for ocean-atmospheric prediction studies (coaps),45.63
14,14.1,14.1.1,508,mozambique,2017,center for ocean-atmospheric prediction studies (coaps),64.61
14,14.1,14.1.1,508,mozambique,2018,center for ocean-atmospheric prediction studies (coaps),63.4
14,14.1,14.1.1,508,mozambique,2019,center for ocean-atmospheric prediction studies (coaps),64.38
14,14.1,14.1.1,508,mozambique,2020,center for ocean-atmospheric prediction studies (coaps),63.33
14,14.1,14.1.1,508,mozambique,2021,center for ocean-atmospheric prediction studies (coaps),62.44
14,14.1,14.1.1,104,myanmar,2017,center for ocean-atmospheric prediction studies (coaps),62.07
14,14.1,14.1.1,104,myanmar,2018,center for ocean-atmospheric prediction studies (coaps),63.95
14,14.1,14.1.1,104,myanmar,2019,center for ocean-atmospheric prediction studies (coaps),64.39
14,14.1,14.1.1,104,myanmar,2020,center for ocean-atmospheric prediction studies (coaps),64.45
14,14.1,14.1.1,104,myanmar,2021,center for ocean-atmospheric prediction studies (coaps),67.35
14,14.1,14.1.1,516,namibia,2017,center for ocean-atmospheric prediction studies (coaps),70.61
14,14.1,14.1.1,516,namibia,2018,center for ocean-atmospheric prediction studies (coaps),76.92
14,14.1,14.1.1,516,namibia,2019,center for ocean-atmospheric prediction studies (coaps),75.59
14,14.1,14.1.1,516,namibia,2020,center for ocean-atmospheric prediction studies (coaps),77.04
14,14.1,14.1.1,516,namibia,2021,center for ocean-atmospheric prediction studies (coaps),80.71
14,14.1,14.1.1,528,netherlands (kingdom of the),2017,center for ocean-atmospheric prediction studies (coaps),87.48
14,14.1,14.1.1,528,netherlands (kingdom of the),2018,center for ocean-atmospheric prediction studies (coaps),69.28
14,14.1,14.1.1,528,netherlands (kingdom of the),2019,center for ocean-atmospheric prediction studies (coaps),70.71
14,14.1,14.1.1,528,netherlands (kingdom of the),2020,center for ocean-atmospheric prediction studies (coaps),76.99
14,14.1,14.1.1,528,netherlands (kingdom of the),2021,center for ocean-atmospheric prediction studies (coaps),78.28
14,14.1,14.1.1,554,new zealand,2017,center for ocean-atmospheric prediction studies (coaps),27.0
14,14.1,14.1.1,554,new zealand,2018,center for ocean-atmospheric prediction studies (coaps),24.44
14,14.1,14.1.1,554,new zealand,2019,center for ocean-atmospheric prediction studies (coaps),23.59
14,14.1,14.1.1,554,new zealand,2020,center for ocean-atmospheric prediction studies (coaps),21.05
14,14.1,14.1.1,554,new zealand,2021,center for ocean-atmospheric prediction studies (coaps),17.49
14,14.1,14.1.1,558,nicaragua,2017,center for ocean-atmospheric prediction studies (coaps),41.57
14,14.1,14.1.1,558,nicaragua,2018,center for ocean-atmospheric prediction studies (coaps),41.53
14,14.1,14.1.1,558,nicaragua,2019,center for ocean-atmospheric prediction studies (coaps),39.28
14,14.1,14.1.1,558,nicaragua,2020,center for ocean-atmospheric prediction studies (coaps),43.91
14,14.1,14.1.1,558,nicaragua,2021,center for ocean-atmospheric prediction studies (coaps),46.97
14,14.1,14.1.1,566,nigeria,2017,center for ocean-atmospheric prediction studies (coaps),98.45
14,14.1,14.1.1,566,nigeria,2018,center for ocean-atmospheric prediction studies (coaps),98.44
14,14.1,14.1.1,566,nigeria,2019,center for ocean-atmospheric prediction studies (coaps),98.86
14,14.1,14.1.1,566,nigeria,2020,center for ocean-atmospheric prediction studies (coaps),98.88
14,14.1,14.1.1,566,nigeria,2021,center for ocean-atmospheric prediction studies (coaps),97.92
14,14.1,14.1.1,15,northern africa,2017,center for ocean-atmospheric prediction studies (coaps),75.7
14,14.1,14.1.1,15,northern africa,2018,center for ocean-atmospheric prediction studies (coaps),71.49
14,14.1,14.1.1,15,northern africa,2019,center for ocean-atmospheric prediction studies (coaps),72.43
14,14.1,14.1.1,15,northern africa,2020,center for ocean-atmospheric prediction studies (coaps),74.94
14,14.1,14.1.1,15,northern africa,2021,center for ocean-atmospheric prediction studies (coaps),74.99
14,14.1,14.1.1,15,northern africa,2022,center for ocean-atmospheric prediction studies (coaps),74.9
14,14.1,14.1.1,747,northern africa and western asia,2017,center for ocean-atmospheric prediction studies (coaps),78.6
14,14.1,14.1.1,747,northern africa and western asia,2018,center for ocean-atmospheric prediction studies (coaps),76.53
14,14.1,14.1.1,747,northern africa and western asia,2019,center for ocean-atmospheric prediction studies (coaps),76.94
14,14.1,14.1.1,747,northern africa and western asia,2020,center for ocean-atmospheric prediction studies (coaps),79.06
14,14.1,14.1.1,747,northern africa and western asia,2021,center for ocean-atmospheric prediction studies (coaps),79.04
14,14.1,14.1.1,747,northern africa and western asia,2022,center for ocean-atmospheric prediction studies (coaps),75.28
14,14.1,14.1.1,21,northern america,2017,center for ocean-atmospheric prediction studies (coaps),46.56
14,14.1,14.1.1,21,northern america,2018,center for ocean-atmospheric prediction studies (coaps),50.43
14,14.1,14.1.1,21,northern america,2019,center for ocean-atmospheric prediction studies (coaps),48.36
14,14.1,14.1.1,21,northern america,2020,center for ocean-atmospheric prediction studies (coaps),45.5
14,14.1,14.1.1,21,northern america,2021,center for ocean-atmospheric prediction studies (coaps),48.79
14,14.1,14.1.1,21,northern america,2022,center for ocean-atmospheric prediction studies (coaps),29.08
14,14.1,14.1.1,154,northern europe,2017,center for ocean-atmospheric prediction studies (coaps),81.28
14,14.1,14.1.1,154,northern europe,2018,center for ocean-atmospheric prediction studies (coaps),74.98
14,14.1,14.1.1,154,northern europe,2019,center for ocean-atmospheric prediction studies (coaps),74.36
14,14.1,14.1.1,154,northern europe,2020,center for ocean-atmospheric prediction studies (coaps),82.78
14,14.1,14.1.1,154,northern europe,2021,center for ocean-atmospheric prediction studies (coaps),73.75
14,14.1,14.1.1,154,northern europe,2022,center for ocean-atmospheric prediction studies (coaps),75.66
14,14.1,14.1.1,578,norway,2017,center for ocean-atmospheric prediction studies (coaps),65.24
14,14.1,14.1.1,578,norway,2018,center for ocean-atmospheric prediction studies (coaps),63.01
14,14.1,14.1.1,578,norway,2019,center for ocean-atmospheric prediction studies (coaps),57.27
14,14.1,14.1.1,578,norway,2020,center for ocean-atmospheric prediction studies (coaps),73.39
14,14.1,14.1.1,578,norway,2021,center for ocean-atmospheric prediction studies (coaps),65.27
14,14.1,14.1.1,9,oceania,2017,center for ocean-atmospheric prediction studies (coaps),64.98
14,14.1,14.1.1,9,oceania,2018,center for ocean-atmospheric prediction studies (coaps),61.73
14,14.1,14.1.1,9,oceania,2019,center for ocean-atmospheric prediction studies (coaps),69.21
14,14.1,14.1.1,9,oceania,2020,center for ocean-atmospheric prediction studies (coaps),66.17
14,14.1,14.1.1,9,oceania,2021,center for ocean-atmospheric prediction studies (coaps),62.39
14,14.1,14.1.1,9,oceania,2022,center for ocean-atmospheric prediction studies (coaps),76.35
14,14.1,14.1.1,543,oceania (exc. australia and new zealand),2017,center for ocean-atmospheric prediction studies (coaps),76.77
14,14.1,14.1.1,543,oceania (exc. australia and new zealand),2018,center for ocean-atmospheric prediction studies (coaps),76.51
14,14.1,14.1.1,543,oceania (exc. australia and new zealand),2019,center for ocean-atmospheric prediction studies (coaps),81.03
14,14.1,14.1.1,543,oceania (exc. australia and new zealand),2020,center for ocean-atmospheric prediction studies (coaps),82.54
14,14.1,14.1.1,543,oceania (exc. australia and new zealand),2021,center for ocean-atmospheric prediction studies (coaps),79.49
14,14.1,14.1.1,543,oceania (exc. australia and new zealand),2022,center for ocean-atmospheric prediction studies (coaps),77.41
14,14.1,14.1.1,512,oman,2017,center for ocean-atmospheric prediction studies (coaps),69.91
14,14.1,14.1.1,512,oman,2018,center for ocean-atmospheric prediction studies (coaps),71.17
14,14.1,14.1.1,512,oman,2019,center for ocean-atmospheric prediction studies (coaps),74.78
14,14.1,14.1.1,512,oman,2020,center for ocean-atmospheric prediction studies (coaps),76.34
14,14.1,14.1.1,512,oman,2021,center for ocean-atmospheric prediction studies (coaps),71.63
14,14.1,14.1.1,586,pakistan,2017,center for ocean-atmospheric prediction studies (coaps),66.19
14,14.1,14.1.1,586,pakistan,2018,center for ocean-atmospheric prediction studies (coaps),67.41
14,14.1,14.1.1,586,pakistan,2019,center for ocean-atmospheric prediction studies (coaps),64.0
14,14.1,14.1.1,586,pakistan,2020,center for ocean-atmospheric prediction studies (coaps),65.26
14,14.1,14.1.1,586,pakistan,2021,center for ocean-atmospheric prediction studies (coaps),65.19
14,14.1,14.1.1,585,palau,2017,center for ocean-atmospheric prediction studies (coaps),52.11
14,14.1,14.1.1,585,palau,2018,center for ocean-atmospheric prediction studies (coaps),50.0
14,14.1,14.1.1,585,palau,2019,center for ocean-atmospheric prediction studies (coaps),53.25
14,14.1,14.1.1,585,palau,2020,center for ocean-atmospheric prediction studies (coaps),67.09
14,14.1,14.1.1,585,palau,2021,center for ocean-atmospheric prediction studies (coaps),58.02
14,14.1,14.1.1,591,panama,2017,center for ocean-atmospheric prediction studies (coaps),67.82
14,14.1,14.1.1,591,panama,2018,center for ocean-atmospheric prediction studies (coaps),67.98
14,14.1,14.1.1,591,panama,2019,center for ocean-atmospheric prediction studies (coaps),72.71
14,14.1,14.1.1,591,panama,2020,center for ocean-atmospheric prediction studies (coaps),71.73
14,14.1,14.1.1,591,panama,2021,center for ocean-atmospheric prediction studies (coaps),75.52
14,14.1,14.1.1,598,papua new guinea,2017,center for ocean-atmospheric prediction studies (coaps),77.88
14,14.1,14.1.1,598,papua new guinea,2018,center for ocean-atmospheric prediction studies (coaps),78.04
14,14.1,14.1.1,598,papua new guinea,2019,center for ocean-atmospheric prediction studies (coaps),82.18
14,14.1,14.1.1,598,papua new guinea,2020,center for ocean-atmospheric prediction studies (coaps),84.06
14,14.1,14.1.1,598,papua new guinea,2021,center for ocean-atmospheric prediction studies (coaps),80.81
14,14.1,14.1.1,604,peru,2017,center for ocean-atmospheric prediction studies (coaps),84.81
14,14.1,14.1.1,604,peru,2018,center for ocean-atmospheric prediction studies (coaps),84.8
14,14.1,14.1.1,604,peru,2019,center for ocean-atmospheric prediction studies (coaps),86.39
14,14.1,14.1.1,604,peru,2020,center for ocean-atmospheric prediction studies (coaps),85.84
14,14.1,14.1.1,604,peru,2021,center for ocean-atmospheric prediction studies (coaps),83.0
14,14.1,14.1.1,608,philippines,2017,center for ocean-atmospheric prediction studies (coaps),58.08
14,14.1,14.1.1,608,philippines,2018,center for ocean-atmospheric prediction studies (coaps),61.65
14,14.1,14.1.1,608,philippines,2019,center for ocean-atmospheric prediction studies (coaps),64.15
14,14.1,14.1.1,608,philippines,2020,center for ocean-atmospheric prediction studies (coaps),62.72
14,14.1,14.1.1,608,philippines,2021,center for ocean-atmospheric prediction studies (coaps),58.71
14,14.1,14.1.1,616,poland,2017,center for ocean-atmospheric prediction studies (coaps),92.54
14,14.1,14.1.1,616,poland,2018,center for ocean-atmospheric prediction studies (coaps),76.78
14,14.1,14.1.1,616,poland,2019,center for ocean-atmospheric prediction studies (coaps),86.42
14,14.1,14.1.1,616,poland,2020,center for ocean-atmospheric prediction studies (coaps),84.32
14,14.1,14.1.1,616,poland,2021,center for ocean-atmospheric prediction studies (coaps),85.05
14,14.1,14.1.1,61,polynesia,2022,center for ocean-atmospheric prediction studies (coaps),51.29
14,14.1,14.1.1,620,portugal,2017,center for ocean-atmospheric prediction studies (coaps),41.48
14,14.1,14.1.1,620,portugal,2018,center for ocean-atmospheric prediction studies (coaps),50.71
14,14.1,14.1.1,620,portugal,2019,center for ocean-atmospheric prediction studies (coaps),56.34
14,14.1,14.1.1,620,portugal,2020,center for ocean-atmospheric prediction studies (coaps),54.49
14,14.1,14.1.1,620,portugal,2021,center for ocean-atmospheric prediction studies (coaps),49.47
14,14.1,14.1.1,630,puerto rico,2017,center for ocean-atmospheric prediction studies (coaps),46.48
14,14.1,14.1.1,630,puerto rico,2018,center for ocean-atmospheric prediction studies (coaps),46.31
14,14.1,14.1.1,630,puerto rico,2019,center for ocean-atmospheric prediction studies (coaps),44.43
14,14.1,14.1.1,630,puerto rico,2020,center for ocean-atmospheric prediction studies (coaps),42.17
14,14.1,14.1.1,630,puerto rico,2021,center for ocean-atmospheric prediction studies (coaps),42.06
14,14.1,14.1.1,634,qatar,2017,center for ocean-atmospheric prediction studies (coaps),97.06
14,14.1,14.1.1,634,qatar,2018,center for ocean-atmospheric prediction studies (coaps),97.42
14,14.1,14.1.1,634,qatar,2019,center for ocean-atmospheric prediction studies (coaps),98.08
14,14.1,14.1.1,634,qatar,2020,center for ocean-atmospheric prediction studies (coaps),97.8
14,14.1,14.1.1,634,qatar,2021,center for ocean-atmospheric prediction studies (coaps),97.85
14,14.1,14.1.1,410,republic of korea,2017,center for ocean-atmospheric prediction studies (coaps),46.23
14,14.1,14.1.1,410,republic of korea,2018,center for ocean-atmospheric prediction studies (coaps),38.17
14,14.1,14.1.1,410,republic of korea,2019,center for ocean-atmospheric prediction studies (coaps),44.62
14,14.1,14.1.1,410,republic of korea,2020,center for ocean-atmospheric prediction studies (coaps),48.48
14,14.1,14.1.1,410,republic of korea,2021,center for ocean-atmospheric prediction studies (coaps),50.46
14,14.1,14.1.1,638,réunion,2017,center for ocean-atmospheric prediction studies (coaps),28.09
14,14.1,14.1.1,638,réunion,2018,center for ocean-atmospheric prediction studies (coaps),22.58
14,14.1,14.1.1,638,réunion,2019,center for ocean-atmospheric prediction studies (coaps),25.77
14,14.1,14.1.1,638,réunion,2020,center for ocean-atmospheric prediction studies (coaps),27.0
14,14.1,14.1.1,638,réunion,2021,center for ocean-atmospheric prediction studies (coaps),25.49
14,14.1,14.1.1,642,romania,2017,center for ocean-atmospheric prediction studies (coaps),50.8
14,14.1,14.1.1,642,romania,2018,center for ocean-atmospheric prediction studies (coaps),75.58
14,14.1,14.1.1,642,romania,2019,center for ocean-atmospheric prediction studies (coaps),67.54
14,14.1,14.1.1,642,romania,2020,center for ocean-atmospheric prediction studies (coaps),70.99
14,14.1,14.1.1,642,romania,2021,center for ocean-atmospheric prediction studies (coaps),62.55
14,14.1,14.1.1,643,russian federation,2017,center for ocean-atmospheric prediction studies (coaps),62.51
14,14.1,14.1.1,643,russian federation,2018,center for ocean-atmospheric prediction studies (coaps),60.02
14,14.1,14.1.1,643,russian federation,2019,center for ocean-atmospheric prediction studies (coaps),60.14
14,14.1,14.1.1,643,russian federation,2020,center for ocean-atmospheric prediction studies (coaps),63.52
14,14.1,14.1.1,643,russian federation,2021,center for ocean-atmospheric prediction studies (coaps),59.07
14,14.1,14.1.1,659,saint kitts and nevis,2017,center for ocean-atmospheric prediction studies (coaps),52.0
14,14.1,14.1.1,659,saint kitts and nevis,2018,center for ocean-atmospheric prediction studies (coaps),50.94
14,14.1,14.1.1,659,saint kitts and nevis,2019,center for ocean-atmospheric prediction studies (coaps),52.73
14,14.1,14.1.1,659,saint kitts and nevis,2020,center for ocean-atmospheric prediction studies (coaps),42.86
14,14.1,14.1.1,659,saint kitts and nevis,2021,center for ocean-atmospheric prediction studies (coaps),40.35
14,14.1,14.1.1,662,saint lucia,2017,center for ocean-atmospheric prediction studies (coaps),57.96
14,14.1,14.1.1,662,saint lucia,2018,center for ocean-atmospheric prediction studies (coaps),55.46
14,14.1,14.1.1,662,saint lucia,2019,center for ocean-atmospheric prediction studies (coaps),54.77
14,14.1,14.1.1,662,saint lucia,2020,center for ocean-atmospheric prediction studies (coaps),51.49
14,14.1,14.1.1,662,saint lucia,2021,center for ocean-atmospheric prediction studies (coaps),53.65
14,14.1,14.1.1,670,saint vincent and the grenadines,2017,center for ocean-atmospheric prediction studies (coaps),57.72
14,14.1,14.1.1,670,saint vincent and the grenadines,2018,center for ocean-atmospheric prediction studies (coaps),59.07
14,14.1,14.1.1,670,saint vincent and the grenadines,2019,center for ocean-atmospheric prediction studies (coaps),58.32
14,14.1,14.1.1,670,saint vincent and the grenadines,2020,center for ocean-atmospheric prediction studies (coaps),59.37
14,14.1,14.1.1,670,saint vincent and the grenadines,2021,center for ocean-atmospheric prediction studies (coaps),56.79
14,14.1,14.1.1,882,samoa,2017,center for ocean-atmospheric prediction studies (coaps),66.23
14,14.1,14.1.1,882,samoa,2018,center for ocean-atmospheric prediction studies (coaps),60.42
14,14.1,14.1.1,882,samoa,2019,center for ocean-atmospheric prediction studies (coaps),65.67
14,14.1,14.1.1,882,samoa,2020,center for ocean-atmospheric prediction studies (coaps),61.88
14,14.1,14.1.1,882,samoa,2021,center for ocean-atmospheric prediction studies (coaps),60.8
14,14.1,14.1.1,678,sao tome and principe,2017,center for ocean-atmospheric prediction studies (coaps),96.67
14,14.1,14.1.1,678,sao tome and principe,2018,center for ocean-atmospheric prediction studies (coaps),93.25
14,14.1,14.1.1,678,sao tome and principe,2019,center for ocean-atmospheric prediction studies (coaps),96.24
14,14.1,14.1.1,678,sao tome and principe,2020,center for ocean-atmospheric prediction studies (coaps),95.75
14,14.1,14.1.1,678,sao tome and principe,2021,center for ocean-atmospheric prediction studies (coaps),97.16
14,14.1,14.1.1,682,saudi arabia,2017,center for ocean-atmospheric prediction studies (coaps),92.96
14,14.1,14.1.1,682,saudi arabia,2018,center for ocean-atmospheric prediction studies (coaps),93.55
14,14.1,14.1.1,682,saudi arabia,2019,center for ocean-atmospheric prediction studies (coaps),94.14
14,14.1,14.1.1,682,saudi arabia,2020,center for ocean-atmospheric prediction studies (coaps),93.83
14,14.1,14.1.1,682,saudi arabia,2021,center for ocean-atmospheric prediction studies (coaps),95.63
14,14.1,14.1.1,686,senegal,2017,center for ocean-atmospheric prediction studies (coaps),69.63
14,14.1,14.1.1,686,senegal,2018,center for ocean-atmospheric prediction studies (coaps),74.11
14,14.1,14.1.1,686,senegal,2019,center for ocean-atmospheric prediction studies (coaps),76.07
14,14.1,14.1.1,686,senegal,2020,center for ocean-atmospheric prediction studies (coaps),75.86
14,14.1,14.1.1,686,senegal,2021,center for ocean-atmospheric prediction studies (coaps),81.88
14,14.1,14.1.1,690,seychelles,2017,center for ocean-atmospheric prediction studies (coaps),46.51
14,14.1,14.1.1,690,seychelles,2018,center for ocean-atmospheric prediction studies (coaps),48.89
14,14.1,14.1.1,690,seychelles,2019,center for ocean-atmospheric prediction studies (coaps),48.94
14,14.1,14.1.1,690,seychelles,2020,center for ocean-atmospheric prediction studies (coaps),43.75
14,14.1,14.1.1,690,seychelles,2021,center for ocean-atmospheric prediction studies (coaps),44.9
14,14.1,14.1.1,694,sierra leone,2017,center for ocean-atmospheric prediction studies (coaps),99.33
14,14.1,14.1.1,694,sierra leone,2018,center for ocean-atmospheric prediction studies (coaps),99.23
14,14.1,14.1.1,694,sierra leone,2019,center for ocean-atmospheric prediction studies (coaps),99.69
14,14.1,14.1.1,694,sierra leone,2020,center for ocean-atmospheric prediction studies (coaps),99.97
14,14.1,14.1.1,694,sierra leone,2021,center for ocean-atmospheric prediction studies (coaps),98.93
14,14.1,14.1.1,722,small island developing states (sids),2017,center for ocean-atmospheric prediction studies (coaps),77.58
14,14.1,14.1.1,722,small island developing states (sids),2018,center for ocean-atmospheric prediction studies (coaps),79.25
14,14.1,14.1.1,722,small island developing states (sids),2019,center for ocean-atmospheric prediction studies (coaps),80.25
14,14.1,14.1.1,722,small island developing states (sids),2020,center for ocean-atmospheric prediction studies (coaps),76.94
14,14.1,14.1.1,722,small island developing states (sids),2021,center for ocean-atmospheric prediction studies (coaps),76.76
14,14.1,14.1.1,722,small island developing states (sids),2022,center for ocean-atmospheric prediction studies (coaps),63.82
14,14.1,14.1.1,90,solomon islands,2017,center for ocean-atmospheric prediction studies (coaps),64.97
14,14.1,14.1.1,90,solomon islands,2018,center for ocean-atmospheric prediction studies (coaps),64.34
14,14.1,14.1.1,90,solomon islands,2019,center for ocean-atmospheric prediction studies (coaps),69.95
14,14.1,14.1.1,90,solomon islands,2020,center for ocean-atmospheric prediction studies (coaps),69.45
14,14.1,14.1.1,90,solomon islands,2021,center for ocean-atmospheric prediction studies (coaps),72.41
14,14.1,14.1.1,706,somalia,2017,center for ocean-atmospheric prediction studies (coaps),73.77
14,14.1,14.1.1,706,somalia,2018,center for ocean-atmospheric prediction studies (coaps),72.98
14,14.1,14.1.1,706,somalia,2019,center for ocean-atmospheric prediction studies (coaps),78.2
14,14.1,14.1.1,706,somalia,2020,center for ocean-atmospheric prediction studies (coaps),69.01
14,14.1,14.1.1,706,somalia,2021,center for ocean-atmospheric prediction studies (coaps),72.02
14,14.1,14.1.1,710,south africa,2017,center for ocean-atmospheric prediction studies (coaps),17.83
14,14.1,14.1.1,710,south africa,2018,center for ocean-atmospheric prediction studies (coaps),18.41
14,14.1,14.1.1,710,south africa,2019,center for ocean-atmospheric prediction studies (coaps),22.21
14,14.1,14.1.1,710,south africa,2020,center for ocean-atmospheric prediction studies (coaps),22.73
14,14.1,14.1.1,710,south africa,2021,center for ocean-atmospheric prediction studies (coaps),22.18
14,14.1,14.1.1,5,south america,2017,center for ocean-atmospheric prediction studies (coaps),61.96
14,14.1,14.1.1,5,south america,2018,center for ocean-atmospheric prediction studies (coaps),62.16
14,14.1,14.1.1,5,south america,2019,center for ocean-atmospheric prediction studies (coaps),63.44
14,14.1,14.1.1,5,south america,2020,center for ocean-atmospheric prediction studies (coaps),62.29
14,14.1,14.1.1,5,south america,2021,center for ocean-atmospheric prediction studies (coaps),62.08
14,14.1,14.1.1,5,south america,2022,center for ocean-atmospheric prediction studies (coaps),69.23
14,14.1,14.1.1,35,south-eastern asia,2017,center for ocean-atmospheric prediction studies (coaps),62.66
14,14.1,14.1.1,35,south-eastern asia,2018,center for ocean-atmospheric prediction studies (coaps),65.73
14,14.1,14.1.1,35,south-eastern asia,2019,center for ocean-atmospheric prediction studies (coaps),67.13
14,14.1,14.1.1,35,south-eastern asia,2020,center for ocean-atmospheric prediction studies (coaps),62.03
14,14.1,14.1.1,35,south-eastern asia,2021,center for ocean-atmospheric prediction studies (coaps),62.26
14,14.1,14.1.1,35,south-eastern asia,2022,center for ocean-atmospheric prediction studies (coaps),60.67
14,14.1,14.1.1,18,southern africa,2017,center for ocean-atmospheric prediction studies (coaps),39.17
14,14.1,14.1.1,18,southern africa,2018,center for ocean-atmospheric prediction studies (coaps),42.07
14,14.1,14.1.1,18,southern africa,2019,center for ocean-atmospheric prediction studies (coaps),43.79
14,14.1,14.1.1,18,southern africa,2020,center for ocean-atmospheric prediction studies (coaps),44.69
14,14.1,14.1.1,18,southern africa,2021,center for ocean-atmospheric prediction studies (coaps),45.84
14,14.1,14.1.1,18,southern africa,2022,center for ocean-atmospheric prediction studies (coaps),22.73
14,14.1,14.1.1,34,southern asia,2017,center for ocean-atmospheric prediction studies (coaps),70.17
14,14.1,14.1.1,34,southern asia,2018,center for ocean-atmospheric prediction studies (coaps),71.44
14,14.1,14.1.1,34,southern asia,2019,center for ocean-atmospheric prediction studies (coaps),71.44
14,14.1,14.1.1,34,southern asia,2020,center for ocean-atmospheric prediction studies (coaps),71.79
14,14.1,14.1.1,34,southern asia,2021,center for ocean-atmospheric prediction studies (coaps),72.99
14,14.1,14.1.1,34,southern asia,2022,center for ocean-atmospheric prediction studies (coaps),67.42
14,14.1,14.1.1,39,southern europe,2017,center for ocean-atmospheric prediction studies (coaps),62.6
14,14.1,14.1.1,39,southern europe,2018,center for ocean-atmospheric prediction studies (coaps),60.18
14,14.1,14.1.1,39,southern europe,2019,center for ocean-atmospheric prediction studies (coaps),62.89
14,14.1,14.1.1,39,southern europe,2020,center for ocean-atmospheric prediction studies (coaps),65.44
14,14.1,14.1.1,39,southern europe,2021,center for ocean-atmospheric prediction studies (coaps),65.63
14,14.1,14.1.1,39,southern europe,2022,center for ocean-atmospheric prediction studies (coaps),71.79
14,14.1,14.1.1,724,spain,2017,center for ocean-atmospheric prediction studies (coaps),60.47
14,14.1,14.1.1,724,spain,2018,center for ocean-atmospheric prediction studies (coaps),55.85
14,14.1,14.1.1,724,spain,2019,center for ocean-atmospheric prediction studies (coaps),62.01
14,14.1,14.1.1,724,spain,2020,center for ocean-atmospheric prediction studies (coaps),61.58
14,14.1,14.1.1,724,spain,2021,center for ocean-atmospheric prediction studies (coaps),64.97
14,14.1,14.1.1,144,sri lanka,2017,center for ocean-atmospheric prediction studies (coaps),54.4
14,14.1,14.1.1,144,sri lanka,2018,center for ocean-atmospheric prediction studies (coaps),53.98
14,14.1,14.1.1,144,sri lanka,2019,center for ocean-atmospheric prediction studies (coaps),55.42
14,14.1,14.1.1,144,sri lanka,2020,center for ocean-atmospheric prediction studies (coaps),52.81
14,14.1,14.1.1,144,sri lanka,2021,center for ocean-atmospheric prediction studies (coaps),57.0
14,14.1,14.1.1,275,state of palestine,2017,center for ocean-atmospheric prediction studies (coaps),86.56
14,14.1,14.1.1,275,state of palestine,2018,center for ocean-atmospheric prediction studies (coaps),73.05
14,14.1,14.1.1,275,state of palestine,2019,center for ocean-atmospheric prediction studies (coaps),73.81
14,14.1,14.1.1,275,state of palestine,2020,center for ocean-atmospheric prediction studies (coaps),78.48
14,14.1,14.1.1,275,state of palestine,2021,center for ocean-atmospheric prediction studies (coaps),80.45
14,14.1,14.1.1,202,sub-saharan africa,2017,center for ocean-atmospheric prediction studies (coaps),76.77
14,14.1,14.1.1,202,sub-saharan africa,2018,center for ocean-atmospheric prediction studies (coaps),76.78
14,14.1,14.1.1,202,sub-saharan africa,2019,center for ocean-atmospheric prediction studies (coaps),77.86
14,14.1,14.1.1,202,sub-saharan africa,2020,center for ocean-atmospheric prediction studies (coaps),77.06
14,14.1,14.1.1,202,sub-saharan africa,2021,center for ocean-atmospheric prediction studies (coaps),78.21
14,14.1,14.1.1,202,sub-saharan africa,2022,center for ocean-atmospheric prediction studies (coaps),81.49
14,14.1,14.1.1,729,sudan,2017,center for ocean-atmospheric prediction studies (coaps),93.17
14,14.1,14.1.1,729,sudan,2018,center for ocean-atmospheric prediction studies (coaps),93.47
14,14.1,14.1.1,729,sudan,2019,center for ocean-atmospheric prediction studies (coaps),95.54
14,14.1,14.1.1,729,sudan,2020,center for ocean-atmospheric prediction studies (coaps),92.46
14,14.1,14.1.1,729,sudan,2021,center for ocean-atmospheric prediction studies (coaps),95.2
14,14.1,14.1.1,740,suriname,2017,center for ocean-atmospheric prediction studies (coaps),80.73
14,14.1,14.1.1,740,suriname,2018,center for ocean-atmospheric prediction studies (coaps),86.09
14,14.1,14.1.1,740,suriname,2019,center for ocean-atmospheric prediction studies (coaps),82.61
14,14.1,14.1.1,740,suriname,2020,center for ocean-atmospheric prediction studies (coaps),70.28
14,14.1,14.1.1,740,suriname,2021,center for ocean-atmospheric prediction studies (coaps),74.86
14,14.1,14.1.1,752,sweden,2017,center for ocean-atmospheric prediction studies (coaps),87.66
14,14.1,14.1.1,752,sweden,2018,center for ocean-atmospheric prediction studies (coaps),74.06
14,14.1,14.1.1,752,sweden,2019,center for ocean-atmospheric prediction studies (coaps),78.0
14,14.1,14.1.1,752,sweden,2020,center for ocean-atmospheric prediction studies (coaps),86.71
14,14.1,14.1.1,752,sweden,2021,center for ocean-atmospheric prediction studies (coaps),78.79
14,14.1,14.1.1,760,syrian arab republic,2017,center for ocean-atmospheric prediction studies (coaps),79.4
14,14.1,14.1.1,760,syrian arab republic,2018,center for ocean-atmospheric prediction studies (coaps),70.42
14,14.1,14.1.1,760,syrian arab republic,2019,center for ocean-atmospheric prediction studies (coaps),73.49
14,14.1,14.1.1,760,syrian arab republic,2020,center for ocean-atmospheric prediction studies (coaps),75.7
14,14.1,14.1.1,760,syrian arab republic,2021,center for ocean-atmospheric prediction studies (coaps),77.31
14,14.1,14.1.1,764,thailand,2017,center for ocean-atmospheric prediction studies (coaps),73.47
14,14.1,14.1.1,764,thailand,2018,center for ocean-atmospheric prediction studies (coaps),79.52
14,14.1,14.1.1,764,thailand,2019,center for ocean-atmospheric prediction studies (coaps),79.66
14,14.1,14.1.1,764,thailand,2020,center for ocean-atmospheric prediction studies (coaps),79.11
14,14.1,14.1.1,764,thailand,2021,center for ocean-atmospheric prediction studies (coaps),78.11
14,14.1,14.1.1,626,timor-leste,2017,center for ocean-atmospheric prediction studies (coaps),49.64
14,14.1,14.1.1,626,timor-leste,2018,center for ocean-atmospheric prediction studies (coaps),53.24
14,14.1,14.1.1,626,timor-leste,2019,center for ocean-atmospheric prediction studies (coaps),55.18
14,14.1,14.1.1,626,timor-leste,2020,center for ocean-atmospheric prediction studies (coaps),52.44
14,14.1,14.1.1,626,timor-leste,2021,center for ocean-atmospheric prediction studies (coaps),51.26
14,14.1,14.1.1,768,togo,2017,center for ocean-atmospheric prediction studies (coaps),99.79
14,14.1,14.1.1,768,togo,2018,center for ocean-atmospheric prediction studies (coaps),98.8
14,14.1,14.1.1,768,togo,2019,center for ocean-atmospheric prediction studies (coaps),100.0
14,14.1,14.1.1,768,togo,2020,center for ocean-atmospheric prediction studies (coaps),99.95
14,14.1,14.1.1,768,togo,2021,center for ocean-atmospheric prediction studies (coaps),99.35
14,14.1,14.1.1,776,tonga,2017,center for ocean-atmospheric prediction studies (coaps),57.11
14,14.1,14.1.1,776,tonga,2018,center for ocean-atmospheric prediction studies (coaps),56.32
14,14.1,14.1.1,776,tonga,2019,center for ocean-atmospheric prediction studies (coaps),56.68
14,14.1,14.1.1,776,tonga,2020,center for ocean-atmospheric prediction studies (coaps),56.15
14,14.1,14.1.1,776,tonga,2021,center for ocean-atmospheric prediction studies (coaps),50.77
14,14.1,14.1.1,780,trinidad and tobago,2017,center for ocean-atmospheric prediction studies (coaps),71.6
14,14.1,14.1.1,780,trinidad and tobago,2018,center for ocean-atmospheric prediction studies (coaps),69.69
14,14.1,14.1.1,780,trinidad and tobago,2019,center for ocean-atmospheric prediction studies (coaps),73.65
14,14.1,14.1.1,780,trinidad and tobago,2020,center for ocean-atmospheric prediction studies (coaps),67.87
14,14.1,14.1.1,780,trinidad and tobago,2021,center for ocean-atmospheric prediction studies (coaps),70.33
14,14.1,14.1.1,788,tunisia,2017,center for ocean-atmospheric prediction studies (coaps),74.08
14,14.1,14.1.1,788,tunisia,2018,center for ocean-atmospheric prediction studies (coaps),68.12
14,14.1,14.1.1,788,tunisia,2019,center for ocean-atmospheric prediction studies (coaps),67.17
14,14.1,14.1.1,788,tunisia,2020,center for ocean-atmospheric prediction studies (coaps),73.18
14,14.1,14.1.1,788,tunisia,2021,center for ocean-atmospheric prediction studies (coaps),69.02
14,14.1,14.1.1,792,türkiye,2017,center for ocean-atmospheric prediction studies (coaps),70.18
14,14.1,14.1.1,792,türkiye,2018,center for ocean-atmospheric prediction studies (coaps),75.38
14,14.1,14.1.1,792,türkiye,2019,center for ocean-atmospheric prediction studies (coaps),68.28
14,14.1,14.1.1,792,türkiye,2020,center for ocean-atmospheric prediction studies (coaps),75.79
14,14.1,14.1.1,792,türkiye,2021,center for ocean-atmospheric prediction studies (coaps),71.9
14,14.1,14.1.1,804,ukraine,2017,center for ocean-atmospheric prediction studies (coaps),58.64
14,14.1,14.1.1,804,ukraine,2018,center for ocean-atmospheric prediction studies (coaps),74.51
14,14.1,14.1.1,804,ukraine,2019,center for ocean-atmospheric prediction studies (coaps),66.76
14,14.1,14.1.1,804,ukraine,2020,center for ocean-atmospheric prediction studies (coaps),70.89
14,14.1,14.1.1,804,ukraine,2021,center for ocean-atmospheric prediction studies (coaps),65.37
14,14.1,14.1.1,784,united arab emirates,2017,center for ocean-atmospheric prediction studies (coaps),97.11
14,14.1,14.1.1,784,united arab emirates,2018,center for ocean-atmospheric prediction studies (coaps),98.48
14,14.1,14.1.1,784,united arab emirates,2019,center for ocean-atmospheric prediction studies (coaps),97.26
14,14.1,14.1.1,784,united arab emirates,2020,center for ocean-atmospheric prediction studies (coaps),97.65
14,14.1,14.1.1,784,united arab emirates,2021,center for ocean-atmospheric prediction studies (coaps),97.36
14,14.1,14.1.1,826,united kingdom of great britain and northern ireland,2017,center for ocean-atmospheric prediction studies (coaps),85.44
14,14.1,14.1.1,826,united kingdom of great britain and northern ireland,2018,center for ocean-atmospheric prediction studies (coaps),77.59
14,14.1,14.1.1,826,united kingdom of great britain and northern ireland,2019,center for ocean-atmospheric prediction studies (coaps),73.51
14,14.1,14.1.1,826,united kingdom of great britain and northern ireland,2020,center for ocean-atmospheric prediction studies (coaps),78.14
14,14.1,14.1.1,826,united kingdom of great britain and northern ireland,2021,center for ocean-atmospheric prediction studies (coaps),72.81
14,14.1,14.1.1,834,united republic of tanzania,2017,center for ocean-atmospheric prediction studies (coaps),62.49
14,14.1,14.1.1,834,united republic of tanzania,2018,center for ocean-atmospheric prediction studies (coaps),59.86
14,14.1,14.1.1,834,united republic of tanzania,2019,center for ocean-atmospheric prediction studies (coaps),57.5
14,14.1,14.1.1,834,united republic of tanzania,2020,center for ocean-atmospheric prediction studies (coaps),54.14
14,14.1,14.1.1,834,united republic of tanzania,2021,center for ocean-atmospheric prediction studies (coaps),57.63
14,14.1,14.1.1,840,united states of america,2017,center for ocean-atmospheric prediction studies (coaps),31.23
14,14.1,14.1.1,840,united states of america,2018,center for ocean-atmospheric prediction studies (coaps),31.4
14,14.1,14.1.1,840,united states of america,2019,center for ocean-atmospheric prediction studies (coaps),31.18
14,14.1,14.1.1,840,united states of america,2020,center for ocean-atmospheric prediction studies (coaps),30.73
14,14.1,14.1.1,840,united states of america,2021,center for ocean-atmospheric prediction studies (coaps),31.12
14,14.1,14.1.1,858,uruguay,2017,center for ocean-atmospheric prediction studies (coaps),51.9
14,14.1,14.1.1,858,uruguay,2018,center for ocean-atmospheric prediction studies (coaps),55.18
14,14.1,14.1.1,858,uruguay,2019,center for ocean-atmospheric prediction studies (coaps),58.49
14,14.1,14.1.1,858,uruguay,2020,center for ocean-atmospheric prediction studies (coaps),66.7
14,14.1,14.1.1,858,uruguay,2021,center for ocean-atmospheric prediction studies (coaps),70.97
14,14.1,14.1.1,548,vanuatu,2017,center for ocean-atmospheric prediction studies (coaps),76.48
14,14.1,14.1.1,548,vanuatu,2018,center for ocean-atmospheric prediction studies (coaps),70.85
14,14.1,14.1.1,548,vanuatu,2019,center for ocean-atmospheric prediction studies (coaps),81.12
14,14.1,14.1.1,548,vanuatu,2020,center for ocean-atmospheric prediction studies (coaps),77.14
14,14.1,14.1.1,548,vanuatu,2021,center for ocean-atmospheric prediction studies (coaps),72.0
14,14.1,14.1.1,862,venezuela (bolivarian republic of),2017,center for ocean-atmospheric prediction studies (coaps),87.06
14,14.1,14.1.1,862,venezuela (bolivarian republic of),2018,center for ocean-atmospheric prediction studies (coaps),88.94
14,14.1,14.1.1,862,venezuela (bolivarian republic of),2019,center for ocean-atmospheric prediction studies (coaps),88.45
14,14.1,14.1.1,862,venezuela (bolivarian republic of),2020,center for ocean-atmospheric prediction studies (coaps),84.81
14,14.1,14.1.1,862,venezuela (bolivarian republic of),2021,center for ocean-atmospheric prediction studies (coaps),87.38
14,14.1,14.1.1,704,viet nam,2017,center for ocean-atmospheric prediction studies (coaps),69.59
14,14.1,14.1.1,704,viet nam,2018,center for ocean-atmospheric prediction studies (coaps),70.89
14,14.1,14.1.1,704,viet nam,2019,center for ocean-atmospheric prediction studies (coaps),73.78
14,14.1,14.1.1,704,viet nam,2020,center for ocean-atmospheric prediction studies (coaps),73.1
14,14.1,14.1.1,704,viet nam,2021,center for ocean-atmospheric prediction studies (coaps),72.32
14,14.1,14.1.1,11,western africa,2022,center for ocean-atmospheric prediction studies (coaps),97.23
14,14.1,14.1.1,145,western asia,2017,center for ocean-atmospheric prediction studies (coaps),84.09
14,14.1,14.1.1,145,western asia,2018,center for ocean-atmospheric prediction studies (coaps),86.05
14,14.1,14.1.1,145,western asia,2019,center for ocean-atmospheric prediction studies (coaps),85.45
14,14.1,14.1.1,145,western asia,2020,center for ocean-atmospheric prediction studies (coaps),86.83
14,14.1,14.1.1,145,western asia,2021,center for ocean-atmospheric prediction studies (coaps),86.71
14,14.1,14.1.1,145,western asia,2022,center for ocean-atmospheric prediction studies (coaps),75.81
14,14.1,14.1.1,155,western europe,2017,center for ocean-atmospheric prediction studies (coaps),80.56
14,14.1,14.1.1,155,western europe,2018,center for ocean-atmospheric prediction studies (coaps),71.1
14,14.1,14.1.1,155,western europe,2019,center for ocean-atmospheric prediction studies (coaps),71.66
14,14.1,14.1.1,155,western europe,2020,center for ocean-atmospheric prediction studies (coaps),78.36
14,14.1,14.1.1,155,western europe,2021,center for ocean-atmospheric prediction studies (coaps),76.77
14,14.1,14.1.1,155,western europe,2022,center for ocean-atmospheric prediction studies (coaps),71.3
14,14.1,14.1.1,732,western sahara,2017,center for ocean-atmospheric prediction studies (coaps),27.77
14,14.1,14.1.1,732,western sahara,2018,center for ocean-atmospheric prediction studies (coaps),29.96
14,14.1,14.1.1,732,western sahara,2019,center for ocean-atmospheric prediction studies (coaps),30.94
14,14.1,14.1.1,732,western sahara,2020,center for ocean-atmospheric prediction studies (coaps),28.56
14,14.1,14.1.1,732,western sahara,2021,center for ocean-atmospheric prediction studies (coaps),28.38
14,14.1,14.1.1,1,world,2017,center for ocean-atmospheric prediction studies (coaps),65.45
14,14.1,14.1.1,1,world,2018,center for ocean-atmospheric prediction studies (coaps),65.59
14,14.1,14.1.1,1,world,2019,center for ocean-atmospheric prediction studies (coaps),66.51
14,14.1,14.1.1,1,world,2020,center for ocean-atmospheric prediction studies (coaps),66.46
14,14.1,14.1.1,1,world,2021,center for ocean-atmospheric prediction studies (coaps),65.51
14,14.1,14.1.1,1,world,2022,center for ocean-atmospheric prediction studies (coaps),69.96
14,14.1,14.1.1,887,yemen,2017,center for ocean-atmospheric prediction studies (coaps),82.16
14,14.1,14.1.1,887,yemen,2018,center for ocean-atmospheric prediction studies (coaps),88.99
14,14.1,14.1.1,887,yemen,2019,center for ocean-atmospheric prediction studies (coaps),89.46
14,14.1,14.1.1,887,yemen,2020,center for ocean-atmospheric prediction studies (coaps),88.02
14,14.1,14.1.1,887,yemen,2021,center for ocean-atmospheric prediction studies (coaps),88.26
