goal,target,indicator,country_code,country,year,source,beach_litter_in_ocean_percent
14,14.1,14.1.1,2,africa,2017,center for ocean-atmospheric prediction studies (coaps),23.62
14,14.1,14.1.1,2,africa,2018,center for ocean-atmospheric prediction studies (coaps),25.16
14,14.1,14.1.1,2,africa,2019,center for ocean-atmospheric prediction studies (coaps),24.13
14,14.1,14.1.1,2,africa,2020,center for ocean-atmospheric prediction studies (coaps),23.71
14,14.1,14.1.1,2,africa,2021,center for ocean-atmospheric prediction studies (coaps),22.96
14,14.1,14.1.1,2,africa,2022,center for ocean-atmospheric prediction studies (coaps),20.89
14,14.1,14.1.1,8,albania,2017,center for ocean-atmospheric prediction studies (coaps),40.71
14,14.1,14.1.1,8,albania,2018,center for ocean-atmospheric prediction studies (coaps),37.77
14,14.1,14.1.1,8,albania,2019,center for ocean-atmospheric prediction studies (coaps),38.58
14,14.1,14.1.1,8,albania,2020,center for ocean-atmospheric prediction studies (coaps),34.9
14,14.1,14.1.1,8,albania,2021,center for ocean-atmospheric prediction studies (coaps),37.39
14,14.1,14.1.1,12,algeria,2017,center for ocean-atmospheric prediction studies (coaps),35.67
14,14.1,14.1.1,12,algeria,2018,center for ocean-atmospheric prediction studies (coaps),42.12
14,14.1,14.1.1,12,algeria,2019,center for ocean-atmospheric prediction studies (coaps),38.9
14,14.1,14.1.1,12,algeria,2020,center for ocean-atmospheric prediction studies (coaps),34.09
14,14.1,14.1.1,12,algeria,2021,center for ocean-atmospheric prediction studies (coaps),33.69
14,14.1,14.1.1,19,americas,2017,center for ocean-atmospheric prediction studies (coaps),45.65
14,14.1,14.1.1,19,americas,2018,center for ocean-atmospheric prediction studies (coaps),43.82
14,14.1,14.1.1,19,americas,2019,center for ocean-atmospheric prediction studies (coaps),44.24
14,14.1,14.1.1,19,americas,2020,center for ocean-atmospheric prediction studies (coaps),45.97
14,14.1,14.1.1,19,americas,2021,center for ocean-atmospheric prediction studies (coaps),44.32
14,14.1,14.1.1,19,americas,2022,center for ocean-atmospheric prediction studies (coaps),34.01
14,14.1,14.1.1,24,angola,2017,center for ocean-atmospheric prediction studies (coaps),1.56
14,14.1,14.1.1,24,angola,2018,center for ocean-atmospheric prediction studies (coaps),2.81
14,14.1,14.1.1,24,angola,2019,center for ocean-atmospheric prediction studies (coaps),1.23
14,14.1,14.1.1,24,angola,2020,center for ocean-atmospheric prediction studies (coaps),0.68
14,14.1,14.1.1,24,angola,2021,center for ocean-atmospheric prediction studies (coaps),0.99
14,14.1,14.1.1,28,antigua and barbuda,2017,center for ocean-atmospheric prediction studies (coaps),53.23
14,14.1,14.1.1,28,antigua and barbuda,2018,center for ocean-atmospheric prediction studies (coaps),52.44
14,14.1,14.1.1,28,antigua and barbuda,2019,center for ocean-atmospheric prediction studies (coaps),57.32
14,14.1,14.1.1,28,antigua and barbuda,2020,center for ocean-atmospheric prediction studies (coaps),65.3
14,14.1,14.1.1,28,antigua and barbuda,2021,center for ocean-atmospheric prediction studies (coaps),64.39
14,14.1,14.1.1,32,argentina,2017,center for ocean-atmospheric prediction studies (coaps),78.44
14,14.1,14.1.1,32,argentina,2018,center for ocean-atmospheric prediction studies (coaps),77.71
14,14.1,14.1.1,32,argentina,2019,center for ocean-atmospheric prediction studies (coaps),76.68
14,14.1,14.1.1,32,argentina,2020,center for ocean-atmospheric prediction studies (coaps),72.84
14,14.1,14.1.1,32,argentina,2021,center for ocean-atmospheric prediction studies (coaps),71.35
14,14.1,14.1.1,142,asia,2017,center for ocean-atmospheric prediction studies (coaps),26.65
14,14.1,14.1.1,142,asia,2018,center for ocean-atmospheric prediction studies (coaps),24.25
14,14.1,14.1.1,142,asia,2019,center for ocean-atmospheric prediction studies (coaps),22.89
14,14.1,14.1.1,142,asia,2020,center for ocean-atmospheric prediction studies (coaps),23.22
14,14.1,14.1.1,142,asia,2021,center for ocean-atmospheric prediction studies (coaps),25.51
14,14.1,14.1.1,142,asia,2022,center for ocean-atmospheric prediction studies (coaps),31.18
14,14.1,14.1.1,36,australia,2017,center for ocean-atmospheric prediction studies (coaps),34.51
14,14.1,14.1.1,36,australia,2018,center for ocean-atmospheric prediction studies (coaps),37.96
14,14.1,14.1.1,36,australia,2019,center for ocean-atmospheric prediction studies (coaps),30.0
14,14.1,14.1.1,36,australia,2020,center for ocean-atmospheric prediction studies (coaps),33.41
14,14.1,14.1.1,36,australia,2021,center for ocean-atmospheric prediction studies (coaps),37.22
14,14.1,14.1.1,53,australia and new zealand,2017,center for ocean-atmospheric prediction studies (coaps),35.79
14,14.1,14.1.1,53,australia and new zealand,2018,center for ocean-atmospheric prediction studies (coaps),39.2
14,14.1,14.1.1,53,australia and new zealand,2019,center for ocean-atmospheric prediction studies (coaps),31.54
14,14.1,14.1.1,53,australia and new zealand,2020,center for ocean-atmospheric prediction studies (coaps),34.92
14,14.1,14.1.1,53,australia and new zealand,2021,center for ocean-atmospheric prediction studies (coaps),38.72
14,14.1,14.1.1,53,australia and new zealand,2022,center for ocean-atmospheric prediction studies (coaps),44.22
14,14.1,14.1.1,44,bahamas,2017,center for ocean-atmospheric prediction studies (coaps),81.45
14,14.1,14.1.1,44,bahamas,2018,center for ocean-atmospheric prediction studies (coaps),84.22
14,14.1,14.1.1,44,bahamas,2019,center for ocean-atmospheric prediction studies (coaps),85.95
14,14.1,14.1.1,44,bahamas,2020,center for ocean-atmospheric prediction studies (coaps),87.72
14,14.1,14.1.1,44,bahamas,2021,center for ocean-atmospheric prediction studies (coaps),88.81
14,14.1,14.1.1,48,bahrain,2017,center for ocean-atmospheric prediction studies (coaps),1.56
14,14.1,14.1.1,48,bahrain,2018,center for ocean-atmospheric prediction studies (coaps),2.0
14,14.1,14.1.1,48,bahrain,2019,center for ocean-atmospheric prediction studies (coaps),1.92
14,14.1,14.1.1,48,bahrain,2020,center for ocean-atmospheric prediction studies (coaps),0.0
14,14.1,14.1.1,48,bahrain,2021,center for ocean-atmospheric prediction studies (coaps),2.75
14,14.1,14.1.1,50,bangladesh,2017,center for ocean-atmospheric prediction studies (coaps),30.6
14,14.1,14.1.1,50,bangladesh,2018,center for ocean-atmospheric prediction studies (coaps),31.76
14,14.1,14.1.1,50,bangladesh,2019,center for ocean-atmospheric prediction studies (coaps),30.17
14,14.1,14.1.1,50,bangladesh,2020,center for ocean-atmospheric prediction studies (coaps),29.35
14,14.1,14.1.1,50,bangladesh,2021,center for ocean-atmospheric prediction studies (coaps),25.22
14,14.1,14.1.1,52,barbados,2017,center for ocean-atmospheric prediction studies (coaps),41.92
14,14.1,14.1.1,52,barbados,2018,center for ocean-atmospheric prediction studies (coaps),45.68
14,14.1,14.1.1,52,barbados,2019,center for ocean-atmospheric prediction studies (coaps),47.57
14,14.1,14.1.1,52,barbados,2020,center for ocean-atmospheric prediction studies (coaps),50.0
14,14.1,14.1.1,52,barbados,2021,center for ocean-atmospheric prediction studies (coaps),50.17
14,14.1,14.1.1,56,belgium,2017,center for ocean-atmospheric prediction studies (coaps),14.29
14,14.1,14.1.1,56,belgium,2018,center for ocean-atmospheric prediction studies (coaps),34.48
14,14.1,14.1.1,56,belgium,2019,center for ocean-atmospheric prediction studies (coaps),46.67
14,14.1,14.1.1,56,belgium,2020,center for ocean-atmospheric prediction studies (coaps),22.58
14,14.1,14.1.1,56,belgium,2021,center for ocean-atmospheric prediction studies (coaps),28.12
14,14.1,14.1.1,84,belize,2017,center for ocean-atmospheric prediction studies (coaps),3.6
14,14.1,14.1.1,84,belize,2018,center for ocean-atmospheric prediction studies (coaps),4.42
14,14.1,14.1.1,84,belize,2019,center for ocean-atmospheric prediction studies (coaps),5.1
14,14.1,14.1.1,84,belize,2020,center for ocean-atmospheric prediction studies (coaps),3.18
14,14.1,14.1.1,84,belize,2021,center for ocean-atmospheric prediction studies (coaps),3.83
14,14.1,14.1.1,204,benin,2017,center for ocean-atmospheric prediction studies (coaps),1.93
14,14.1,14.1.1,204,benin,2018,center for ocean-atmospheric prediction studies (coaps),1.9
14,14.1,14.1.1,204,benin,2019,center for ocean-atmospheric prediction studies (coaps),0.75
14,14.1,14.1.1,204,benin,2020,center for ocean-atmospheric prediction studies (coaps),1.82
14,14.1,14.1.1,204,benin,2021,center for ocean-atmospheric prediction studies (coaps),1.93
14,14.1,14.1.1,76,brazil,2017,center for ocean-atmospheric prediction studies (coaps),32.82
14,14.1,14.1.1,76,brazil,2018,center for ocean-atmospheric prediction studies (coaps),33.68
14,14.1,14.1.1,76,brazil,2019,center for ocean-atmospheric prediction studies (coaps),31.99
14,14.1,14.1.1,76,brazil,2020,center for ocean-atmospheric prediction studies (coaps),33.97
14,14.1,14.1.1,76,brazil,2021,center for ocean-atmospheric prediction studies (coaps),35.8
14,14.1,14.1.1,96,brunei darussalam,2017,center for ocean-atmospheric prediction studies (coaps),45.52
14,14.1,14.1.1,96,brunei darussalam,2018,center for ocean-atmospheric prediction studies (coaps),40.22
14,14.1,14.1.1,96,brunei darussalam,2019,center for ocean-atmospheric prediction studies (coaps),38.28
14,14.1,14.1.1,96,brunei darussalam,2020,center for ocean-atmospheric prediction studies (coaps),46.28
14,14.1,14.1.1,96,brunei darussalam,2021,center for ocean-atmospheric prediction studies (coaps),46.14
14,14.1,14.1.1,100,bulgaria,2017,center for ocean-atmospheric prediction studies (coaps),43.75
14,14.1,14.1.1,100,bulgaria,2018,center for ocean-atmospheric prediction studies (coaps),17.37
14,14.1,14.1.1,100,bulgaria,2019,center for ocean-atmospheric prediction studies (coaps),30.64
14,14.1,14.1.1,100,bulgaria,2020,center for ocean-atmospheric prediction studies (coaps),16.85
14,14.1,14.1.1,100,bulgaria,2021,center for ocean-atmospheric prediction studies (coaps),34.07
14,14.1,14.1.1,132,cabo verde,2017,center for ocean-atmospheric prediction studies (coaps),59.97
14,14.1,14.1.1,132,cabo verde,2018,center for ocean-atmospheric prediction studies (coaps),58.41
14,14.1,14.1.1,132,cabo verde,2019,center for ocean-atmospheric prediction studies (coaps),56.14
14,14.1,14.1.1,132,cabo verde,2020,center for ocean-atmospheric prediction studies (coaps),57.81
14,14.1,14.1.1,132,cabo verde,2021,center for ocean-atmospheric prediction studies (coaps),57.38
14,14.1,14.1.1,116,cambodia,2017,center for ocean-atmospheric prediction studies (coaps),32.82
14,14.1,14.1.1,116,cambodia,2018,center for ocean-atmospheric prediction studies (coaps),26.38
14,14.1,14.1.1,116,cambodia,2019,center for ocean-atmospheric prediction studies (coaps),26.85
14,14.1,14.1.1,116,cambodia,2020,center for ocean-atmospheric prediction studies (coaps),24.67
14,14.1,14.1.1,116,cambodia,2021,center for ocean-atmospheric prediction studies (coaps),29.56
14,14.1,14.1.1,120,cameroon,2017,center for ocean-atmospheric prediction studies (coaps),0.4
14,14.1,14.1.1,120,cameroon,2018,center for ocean-atmospheric prediction studies (coaps),0.44
14,14.1,14.1.1,120,cameroon,2019,center for ocean-atmospheric prediction studies (coaps),0.28
14,14.1,14.1.1,120,cameroon,2020,center for ocean-atmospheric prediction studies (coaps),0.37
14,14.1,14.1.1,120,cameroon,2021,center for ocean-atmospheric prediction studies (coaps),0.86
14,14.1,14.1.1,124,canada,2017,center for ocean-atmospheric prediction studies (coaps),37.63
14,14.1,14.1.1,124,canada,2018,center for ocean-atmospheric prediction studies (coaps),30.15
14,14.1,14.1.1,124,canada,2019,center for ocean-atmospheric prediction studies (coaps),34.12
14,14.1,14.1.1,124,canada,2020,center for ocean-atmospheric prediction studies (coaps),39.42
14,14.1,14.1.1,124,canada,2021,center for ocean-atmospheric prediction studies (coaps),33.18
14,14.1,14.1.1,29,caribbean,2022,center for ocean-atmospheric prediction studies (coaps),42.4
14,14.1,14.1.1,13,central america,2017,center for ocean-atmospheric prediction studies (coaps),38.49
14,14.1,14.1.1,13,central america,2018,center for ocean-atmospheric prediction studies (coaps),40.38
14,14.1,14.1.1,13,central america,2019,center for ocean-atmospheric prediction studies (coaps),39.7
14,14.1,14.1.1,13,central america,2020,center for ocean-atmospheric prediction studies (coaps),36.76
14,14.1,14.1.1,13,central america,2021,center for ocean-atmospheric prediction studies (coaps),34.9
14,14.1,14.1.1,13,central america,2022,center for ocean-atmospheric prediction studies (coaps),34.22
14,14.1,14.1.1,62,central and southern asia,2022,center for ocean-atmospheric prediction studies (coaps),32.58
14,14.1,14.1.1,152,chile,2017,center for ocean-atmospheric prediction studies (coaps),75.46
14,14.1,14.1.1,152,chile,2018,center for ocean-atmospheric prediction studies (coaps),75.3
14,14.1,14.1.1,152,chile,2019,center for ocean-atmospheric prediction studies (coaps),72.96
14,14.1,14.1.1,152,chile,2020,center for ocean-atmospheric prediction studies (coaps),69.66
14,14.1,14.1.1,152,chile,2021,center for ocean-atmospheric prediction studies (coaps),65.34
14,14.1,14.1.1,156,china,2017,center for ocean-atmospheric prediction studies (coaps),22.08
14,14.1,14.1.1,156,china,2018,center for ocean-atmospheric prediction studies (coaps),18.75
14,14.1,14.1.1,156,china,2019,center for ocean-atmospheric prediction studies (coaps),15.75
14,14.1,14.1.1,156,china,2020,center for ocean-atmospheric prediction studies (coaps),15.19
14,14.1,14.1.1,156,china,2021,center for ocean-atmospheric prediction studies (coaps),21.7
14,14.1,14.1.1,344,"china, hong kong special administrative region",2017,center for ocean-atmospheric prediction studies (coaps),21.56
14,14.1,14.1.1,344,"china, hong kong special administrative region",2018,center for ocean-atmospheric prediction studies (coaps),22.72
14,14.1,14.1.1,344,"china, hong kong special administrative region",2019,center for ocean-atmospheric prediction studies (coaps),17.39
14,14.1,14.1.1,344,"china, hong kong special administrative region",2020,center for ocean-atmospheric prediction studies (coaps),18.93
14,14.1,14.1.1,344,"china, hong kong special administrative region",2021,center for ocean-atmospheric prediction studies (coaps),17.47
14,14.1,14.1.1,170,colombia,2017,center for ocean-atmospheric prediction studies (coaps),14.34
14,14.1,14.1.1,170,colombia,2018,center for ocean-atmospheric prediction studies (coaps),10.51
14,14.1,14.1.1,170,colombia,2019,center for ocean-atmospheric prediction studies (coaps),9.59
14,14.1,14.1.1,170,colombia,2020,center for ocean-atmospheric prediction studies (coaps),16.45
14,14.1,14.1.1,170,colombia,2021,center for ocean-atmospheric prediction studies (coaps),13.26
14,14.1,14.1.1,174,comoros,2017,center for ocean-atmospheric prediction studies (coaps),36.78
14,14.1,14.1.1,174,comoros,2018,center for ocean-atmospheric prediction studies (coaps),39.28
14,14.1,14.1.1,174,comoros,2019,center for ocean-atmospheric prediction studies (coaps),39.13
14,14.1,14.1.1,174,comoros,2020,center for ocean-atmospheric prediction studies (coaps),42.33
14,14.1,14.1.1,174,comoros,2021,center for ocean-atmospheric prediction studies (coaps),40.01
14,14.1,14.1.1,178,congo,2017,center for ocean-atmospheric prediction studies (coaps),2.19
14,14.1,14.1.1,178,congo,2018,center for ocean-atmospheric prediction studies (coaps),1.15
14,14.1,14.1.1,178,congo,2019,center for ocean-atmospheric prediction studies (coaps),0.37
14,14.1,14.1.1,178,congo,2020,center for ocean-atmospheric prediction studies (coaps),1.86
14,14.1,14.1.1,178,congo,2021,center for ocean-atmospheric prediction studies (coaps),1.49
14,14.1,14.1.1,188,costa rica,2017,center for ocean-atmospheric prediction studies (coaps),30.6
14,14.1,14.1.1,188,costa rica,2018,center for ocean-atmospheric prediction studies (coaps),27.8
14,14.1,14.1.1,188,costa rica,2019,center for ocean-atmospheric prediction studies (coaps),29.66
14,14.1,14.1.1,188,costa rica,2020,center for ocean-atmospheric prediction studies (coaps),31.01
14,14.1,14.1.1,188,costa rica,2021,center for ocean-atmospheric prediction studies (coaps),28.0
14,14.1,14.1.1,384,côte d'ivoire,2017,center for ocean-atmospheric prediction studies (coaps),0.03
14,14.1,14.1.1,384,côte d'ivoire,2018,center for ocean-atmospheric prediction studies (coaps),1.37
14,14.1,14.1.1,384,côte d'ivoire,2019,center for ocean-atmospheric prediction studies (coaps),1.73
14,14.1,14.1.1,384,côte d'ivoire,2020,center for ocean-atmospheric prediction studies (coaps),1.84
14,14.1,14.1.1,384,côte d'ivoire,2021,center for ocean-atmospheric prediction studies (coaps),1.54
14,14.1,14.1.1,191,croatia,2017,center for ocean-atmospheric prediction studies (coaps),42.63
14,14.1,14.1.1,191,croatia,2018,center for ocean-atmospheric prediction studies (coaps),36.54
14,14.1,14.1.1,191,croatia,2019,center for ocean-atmospheric prediction studies (coaps),38.96
14,14.1,14.1.1,191,croatia,2020,center for ocean-atmospheric prediction studies (coaps),37.77
14,14.1,14.1.1,191,croatia,2021,center for ocean-atmospheric prediction studies (coaps),41.3
14,14.1,14.1.1,196,cyprus,2017,center for ocean-atmospheric prediction studies (coaps),22.42
14,14.1,14.1.1,196,cyprus,2018,center for ocean-atmospheric prediction studies (coaps),26.01
14,14.1,14.1.1,196,cyprus,2019,center for ocean-atmospheric prediction studies (coaps),31.28
14,14.1,14.1.1,196,cyprus,2020,center for ocean-atmospheric prediction studies (coaps),22.83
14,14.1,14.1.1,196,cyprus,2021,center for ocean-atmospheric prediction studies (coaps),23.94
14,14.1,14.1.1,408,democratic people's republic of korea,2017,center for ocean-atmospheric prediction studies (coaps),51.9
14,14.1,14.1.1,408,democratic people's republic of korea,2018,center for ocean-atmospheric prediction studies (coaps),58.8
14,14.1,14.1.1,408,democratic people's republic of korea,2019,center for ocean-atmospheric prediction studies (coaps),55.14
14,14.1,14.1.1,408,democratic people's republic of korea,2020,center for ocean-atmospheric prediction studies (coaps),51.97
14,14.1,14.1.1,408,democratic people's republic of korea,2021,center for ocean-atmospheric prediction studies (coaps),53.15
14,14.1,14.1.1,180,democratic republic of the congo,2017,center for ocean-atmospheric prediction studies (coaps),4.83
14,14.1,14.1.1,180,democratic republic of the congo,2018,center for ocean-atmospheric prediction studies (coaps),6.58
14,14.1,14.1.1,180,democratic republic of the congo,2019,center for ocean-atmospheric prediction studies (coaps),5.1
14,14.1,14.1.1,180,democratic republic of the congo,2020,center for ocean-atmospheric prediction studies (coaps),4.35
14,14.1,14.1.1,180,democratic republic of the congo,2021,center for ocean-atmospheric prediction studies (coaps),2.42
14,14.1,14.1.1,208,denmark,2017,center for ocean-atmospheric prediction studies (coaps),9.68
14,14.1,14.1.1,208,denmark,2018,center for ocean-atmospheric prediction studies (coaps),25.31
14,14.1,14.1.1,208,denmark,2019,center for ocean-atmospheric prediction studies (coaps),25.6
14,14.1,14.1.1,208,denmark,2020,center for ocean-atmospheric prediction studies (coaps),16.76
14,14.1,14.1.1,208,denmark,2021,center for ocean-atmospheric prediction studies (coaps),20.9
14,14.1,14.1.1,262,djibouti,2017,center for ocean-atmospheric prediction studies (coaps),20.79
14,14.1,14.1.1,262,djibouti,2018,center for ocean-atmospheric prediction studies (coaps),16.93
14,14.1,14.1.1,262,djibouti,2019,center for ocean-atmospheric prediction studies (coaps),12.07
14,14.1,14.1.1,262,djibouti,2020,center for ocean-atmospheric prediction studies (coaps),22.54
14,14.1,14.1.1,262,djibouti,2021,center for ocean-atmospheric prediction studies (coaps),17.56
14,14.1,14.1.1,212,dominica,2017,center for ocean-atmospheric prediction studies (coaps),48.4
14,14.1,14.1.1,212,dominica,2018,center for ocean-atmospheric prediction studies (coaps),46.06
14,14.1,14.1.1,212,dominica,2019,center for ocean-atmospheric prediction studies (coaps),42.68
14,14.1,14.1.1,212,dominica,2020,center for ocean-atmospheric prediction studies (coaps),48.36
14,14.1,14.1.1,212,dominica,2021,center for ocean-atmospheric prediction studies (coaps),48.73
14,14.1,14.1.1,214,dominican republic,2017,center for ocean-atmospheric prediction studies (coaps),35.06
14,14.1,14.1.1,214,dominican republic,2018,center for ocean-atmospheric prediction studies (coaps),34.61
14,14.1,14.1.1,214,dominican republic,2019,center for ocean-atmospheric prediction studies (coaps),34.28
14,14.1,14.1.1,214,dominican republic,2020,center for ocean-atmospheric prediction studies (coaps),40.93
14,14.1,14.1.1,214,dominican republic,2021,center for ocean-atmospheric prediction studies (coaps),41.81
14,14.1,14.1.1,14,eastern africa,2022,center for ocean-atmospheric prediction studies (coaps),38.65
14,14.1,14.1.1,753,eastern and south-eastern asia,2017,center for ocean-atmospheric prediction studies (coaps),28.56
14,14.1,14.1.1,753,eastern and south-eastern asia,2018,center for ocean-atmospheric prediction studies (coaps),25.58
14,14.1,14.1.1,753,eastern and south-eastern asia,2019,center for ocean-atmospheric prediction studies (coaps),23.11
14,14.1,14.1.1,753,eastern and south-eastern asia,2020,center for ocean-atmospheric prediction studies (coaps),24.21
14,14.1,14.1.1,753,eastern and south-eastern asia,2021,center for ocean-atmospheric prediction studies (coaps),28.49
14,14.1,14.1.1,753,eastern and south-eastern asia,2022,center for ocean-atmospheric prediction studies (coaps),31.33
14,14.1,14.1.1,30,eastern asia,2017,center for ocean-atmospheric prediction studies (coaps),24.89
14,14.1,14.1.1,30,eastern asia,2018,center for ocean-atmospheric prediction studies (coaps),21.95
14,14.1,14.1.1,30,eastern asia,2019,center for ocean-atmospheric prediction studies (coaps),19.03
14,14.1,14.1.1,30,eastern asia,2020,center for ocean-atmospheric prediction studies (coaps),18.47
14,14.1,14.1.1,30,eastern asia,2021,center for ocean-atmospheric prediction studies (coaps),24.64
14,14.1,14.1.1,30,eastern asia,2022,center for ocean-atmospheric prediction studies (coaps),17.73
14,14.1,14.1.1,151,eastern europe,2017,center for ocean-atmospheric prediction studies (coaps),37.29
14,14.1,14.1.1,151,eastern europe,2018,center for ocean-atmospheric prediction studies (coaps),38.87
14,14.1,14.1.1,151,eastern europe,2019,center for ocean-atmospheric prediction studies (coaps),39.03
14,14.1,14.1.1,151,eastern europe,2020,center for ocean-atmospheric prediction studies (coaps),35.66
14,14.1,14.1.1,151,eastern europe,2021,center for ocean-atmospheric prediction studies (coaps),40.19
14,14.1,14.1.1,151,eastern europe,2022,center for ocean-atmospheric prediction studies (coaps),37.99
14,14.1,14.1.1,218,ecuador,2017,center for ocean-atmospheric prediction studies (coaps),0.71
14,14.1,14.1.1,218,ecuador,2018,center for ocean-atmospheric prediction studies (coaps),0.92
14,14.1,14.1.1,218,ecuador,2019,center for ocean-atmospheric prediction studies (coaps),1.19
14,14.1,14.1.1,218,ecuador,2020,center for ocean-atmospheric prediction studies (coaps),0.49
14,14.1,14.1.1,218,ecuador,2021,center for ocean-atmospheric prediction studies (coaps),0.16
14,14.1,14.1.1,818,egypt,2017,center for ocean-atmospheric prediction studies (coaps),7.3
14,14.1,14.1.1,818,egypt,2018,center for ocean-atmospheric prediction studies (coaps),16.39
14,14.1,14.1.1,818,egypt,2019,center for ocean-atmospheric prediction studies (coaps),19.83
14,14.1,14.1.1,818,egypt,2020,center for ocean-atmospheric prediction studies (coaps),15.37
14,14.1,14.1.1,818,egypt,2021,center for ocean-atmospheric prediction studies (coaps),15.09
14,14.1,14.1.1,222,el salvador,2017,center for ocean-atmospheric prediction studies (coaps),56.8
14,14.1,14.1.1,222,el salvador,2018,center for ocean-atmospheric prediction studies (coaps),59.53
14,14.1,14.1.1,222,el salvador,2019,center for ocean-atmospheric prediction studies (coaps),60.29
14,14.1,14.1.1,222,el salvador,2020,center for ocean-atmospheric prediction studies (coaps),52.97
14,14.1,14.1.1,222,el salvador,2021,center for ocean-atmospheric prediction studies (coaps),50.87
14,14.1,14.1.1,226,equatorial guinea,2017,center for ocean-atmospheric prediction studies (coaps),1.51
14,14.1,14.1.1,226,equatorial guinea,2018,center for ocean-atmospheric prediction studies (coaps),1.5
14,14.1,14.1.1,226,equatorial guinea,2019,center for ocean-atmospheric prediction studies (coaps),1.26
14,14.1,14.1.1,226,equatorial guinea,2020,center for ocean-atmospheric prediction studies (coaps),1.48
14,14.1,14.1.1,226,equatorial guinea,2021,center for ocean-atmospheric prediction studies (coaps),3.45
14,14.1,14.1.1,232,eritrea,2017,center for ocean-atmospheric prediction studies (coaps),11.2
14,14.1,14.1.1,232,eritrea,2018,center for ocean-atmospheric prediction studies (coaps),13.95
14,14.1,14.1.1,232,eritrea,2019,center for ocean-atmospheric prediction studies (coaps),4.09
14,14.1,14.1.1,232,eritrea,2020,center for ocean-atmospheric prediction studies (coaps),14.03
14,14.1,14.1.1,232,eritrea,2021,center for ocean-atmospheric prediction studies (coaps),4.9
14,14.1,14.1.1,233,estonia,2017,center for ocean-atmospheric prediction studies (coaps),5.22
14,14.1,14.1.1,233,estonia,2018,center for ocean-atmospheric prediction studies (coaps),5.0
14,14.1,14.1.1,233,estonia,2019,center for ocean-atmospheric prediction studies (coaps),13.79
14,14.1,14.1.1,233,estonia,2020,center for ocean-atmospheric prediction studies (coaps),2.01
14,14.1,14.1.1,233,estonia,2021,center for ocean-atmospheric prediction studies (coaps),17.11
14,14.1,14.1.1,150,europe,2017,center for ocean-atmospheric prediction studies (coaps),35.02
14,14.1,14.1.1,150,europe,2018,center for ocean-atmospheric prediction studies (coaps),37.37
14,14.1,14.1.1,150,europe,2019,center for ocean-atmospheric prediction studies (coaps),37.39
14,14.1,14.1.1,150,europe,2020,center for ocean-atmospheric prediction studies (coaps),33.5
14,14.1,14.1.1,150,europe,2021,center for ocean-atmospheric prediction studies (coaps),38.0
14,14.1,14.1.1,150,europe,2022,center for ocean-atmospheric prediction studies (coaps),31.84
14,14.1,14.1.1,513,europe and northern america,2017,center for ocean-atmospheric prediction studies (coaps),43.43
14,14.1,14.1.1,513,europe and northern america,2018,center for ocean-atmospheric prediction studies (coaps),42.96
14,14.1,14.1.1,513,europe and northern america,2019,center for ocean-atmospheric prediction studies (coaps),43.93
14,14.1,14.1.1,513,europe and northern america,2020,center for ocean-atmospheric prediction studies (coaps),43.13
14,14.1,14.1.1,513,europe and northern america,2021,center for ocean-atmospheric prediction studies (coaps),44.06
14,14.1,14.1.1,513,europe and northern america,2022,center for ocean-atmospheric prediction studies (coaps),40.37
14,14.1,14.1.1,242,fiji,2017,center for ocean-atmospheric prediction studies (coaps),27.11
14,14.1,14.1.1,242,fiji,2018,center for ocean-atmospheric prediction studies (coaps),32.78
14,14.1,14.1.1,242,fiji,2019,center for ocean-atmospheric prediction studies (coaps),23.6
14,14.1,14.1.1,242,fiji,2020,center for ocean-atmospheric prediction studies (coaps),24.08
14,14.1,14.1.1,242,fiji,2021,center for ocean-atmospheric prediction studies (coaps),30.06
14,14.1,14.1.1,246,finland,2017,center for ocean-atmospheric prediction studies (coaps),5.71
14,14.1,14.1.1,246,finland,2018,center for ocean-atmospheric prediction studies (coaps),9.03
14,14.1,14.1.1,246,finland,2019,center for ocean-atmospheric prediction studies (coaps),9.15
14,14.1,14.1.1,246,finland,2020,center for ocean-atmospheric prediction studies (coaps),2.9
14,14.1,14.1.1,246,finland,2021,center for ocean-atmospheric prediction studies (coaps),18.52
14,14.1,14.1.1,250,france,2017,center for ocean-atmospheric prediction studies (coaps),26.3
14,14.1,14.1.1,250,france,2018,center for ocean-atmospheric prediction studies (coaps),31.47
14,14.1,14.1.1,250,france,2019,center for ocean-atmospheric prediction studies (coaps),33.79
14,14.1,14.1.1,250,france,2020,center for ocean-atmospheric prediction studies (coaps),26.75
14,14.1,14.1.1,250,france,2021,center for ocean-atmospheric prediction studies (coaps),28.38
14,14.1,14.1.1,254,french guiana,2017,center for ocean-atmospheric prediction studies (coaps),22.03
14,14.1,14.1.1,254,french guiana,2018,center for ocean-atmospheric prediction studies (coaps),21.31
14,14.1,14.1.1,254,french guiana,2019,center for ocean-atmospheric prediction studies (coaps),20.31
14,14.1,14.1.1,254,french guiana,2020,center for ocean-atmospheric prediction studies (coaps),33.85
14,14.1,14.1.1,254,french guiana,2021,center for ocean-atmospheric prediction studies (coaps),29.85
14,14.1,14.1.1,266,gabon,2017,center for ocean-atmospheric prediction studies (coaps),0.59
14,14.1,14.1.1,266,gabon,2018,center for ocean-atmospheric prediction studies (coaps),0.42
14,14.1,14.1.1,266,gabon,2019,center for ocean-atmospheric prediction studies (coaps),0.45
14,14.1,14.1.1,266,gabon,2020,center for ocean-atmospheric prediction studies (coaps),0.62
14,14.1,14.1.1,266,gabon,2021,center for ocean-atmospheric prediction studies (coaps),0.73
14,14.1,14.1.1,270,gambia,2017,center for ocean-atmospheric prediction studies (coaps),27.57
14,14.1,14.1.1,270,gambia,2018,center for ocean-atmospheric prediction studies (coaps),22.03
14,14.1,14.1.1,270,gambia,2019,center for ocean-atmospheric prediction studies (coaps),19.69
14,14.1,14.1.1,270,gambia,2020,center for ocean-atmospheric prediction studies (coaps),17.4
14,14.1,14.1.1,270,gambia,2021,center for ocean-atmospheric prediction studies (coaps),12.43
14,14.1,14.1.1,268,georgia,2017,center for ocean-atmospheric prediction studies (coaps),60.72
14,14.1,14.1.1,268,georgia,2018,center for ocean-atmospheric prediction studies (coaps),49.46
14,14.1,14.1.1,268,georgia,2019,center for ocean-atmospheric prediction studies (coaps),51.21
14,14.1,14.1.1,268,georgia,2020,center for ocean-atmospheric prediction studies (coaps),48.04
14,14.1,14.1.1,268,georgia,2021,center for ocean-atmospheric prediction studies (coaps),51.86
14,14.1,14.1.1,276,germany,2017,center for ocean-atmospheric prediction studies (coaps),9.91
14,14.1,14.1.1,276,germany,2018,center for ocean-atmospheric prediction studies (coaps),24.26
14,14.1,14.1.1,276,germany,2019,center for ocean-atmospheric prediction studies (coaps),18.11
14,14.1,14.1.1,276,germany,2020,center for ocean-atmospheric prediction studies (coaps),13.09
14,14.1,14.1.1,276,germany,2021,center for ocean-atmospheric prediction studies (coaps),14.6
14,14.1,14.1.1,288,ghana,2017,center for ocean-atmospheric prediction studies (coaps),1.6
14,14.1,14.1.1,288,ghana,2018,center for ocean-atmospheric prediction studies (coaps),2.03
14,14.1,14.1.1,288,ghana,2019,center for ocean-atmospheric prediction studies (coaps),1.02
14,14.1,14.1.1,288,ghana,2020,center for ocean-atmospheric prediction studies (coaps),2.51
14,14.1,14.1.1,288,ghana,2021,center for ocean-atmospheric prediction studies (coaps),0.27
14,14.1,14.1.1,292,gibraltar,2017,center for ocean-atmospheric prediction studies (coaps),40.82
14,14.1,14.1.1,292,gibraltar,2018,center for ocean-atmospheric prediction studies (coaps),48.08
14,14.1,14.1.1,292,gibraltar,2019,center for ocean-atmospheric prediction studies (coaps),40.74
14,14.1,14.1.1,292,gibraltar,2020,center for ocean-atmospheric prediction studies (coaps),45.45
14,14.1,14.1.1,292,gibraltar,2021,center for ocean-atmospheric prediction studies (coaps),30.36
14,14.1,14.1.1,300,greece,2017,center for ocean-atmospheric prediction studies (coaps),18.33
14,14.1,14.1.1,300,greece,2018,center for ocean-atmospheric prediction studies (coaps),21.75
14,14.1,14.1.1,300,greece,2019,center for ocean-atmospheric prediction studies (coaps),27.38
14,14.1,14.1.1,300,greece,2020,center for ocean-atmospheric prediction studies (coaps),20.76
14,14.1,14.1.1,300,greece,2021,center for ocean-atmospheric prediction studies (coaps),21.98
14,14.1,14.1.1,308,grenada,2017,center for ocean-atmospheric prediction studies (coaps),36.85
14,14.1,14.1.1,308,grenada,2018,center for ocean-atmospheric prediction studies (coaps),39.41
14,14.1,14.1.1,308,grenada,2019,center for ocean-atmospheric prediction studies (coaps),39.56
14,14.1,14.1.1,308,grenada,2020,center for ocean-atmospheric prediction studies (coaps),39.89
14,14.1,14.1.1,308,grenada,2021,center for ocean-atmospheric prediction studies (coaps),38.09
14,14.1,14.1.1,312,guadeloupe,2017,center for ocean-atmospheric prediction studies (coaps),42.86
14,14.1,14.1.1,312,guadeloupe,2018,center for ocean-atmospheric prediction studies (coaps),40.91
14,14.1,14.1.1,312,guadeloupe,2019,center for ocean-atmospheric prediction studies (coaps),40.0
14,14.1,14.1.1,312,guadeloupe,2020,center for ocean-atmospheric prediction studies (coaps),50.0
14,14.1,14.1.1,312,guadeloupe,2021,center for ocean-atmospheric prediction studies (coaps),55.32
14,14.1,14.1.1,320,guatemala,2017,center for ocean-atmospheric prediction studies (coaps),42.7
14,14.1,14.1.1,320,guatemala,2018,center for ocean-atmospheric prediction studies (coaps),46.51
14,14.1,14.1.1,320,guatemala,2019,center for ocean-atmospheric prediction studies (coaps),52.4
14,14.1,14.1.1,320,guatemala,2020,center for ocean-atmospheric prediction studies (coaps),49.27
14,14.1,14.1.1,320,guatemala,2021,center for ocean-atmospheric prediction studies (coaps),47.53
14,14.1,14.1.1,324,guinea,2017,center for ocean-atmospheric prediction studies (coaps),0.33
14,14.1,14.1.1,324,guinea,2018,center for ocean-atmospheric prediction studies (coaps),0.23
14,14.1,14.1.1,324,guinea,2019,center for ocean-atmospheric prediction studies (coaps),0.68
14,14.1,14.1.1,324,guinea,2020,center for ocean-atmospheric prediction studies (coaps),0.15
14,14.1,14.1.1,324,guinea,2021,center for ocean-atmospheric prediction studies (coaps),0.12
14,14.1,14.1.1,624,guinea-bissau,2017,center for ocean-atmospheric prediction studies (coaps),11.09
14,14.1,14.1.1,624,guinea-bissau,2018,center for ocean-atmospheric prediction studies (coaps),4.81
14,14.1,14.1.1,624,guinea-bissau,2019,center for ocean-atmospheric prediction studies (coaps),5.54
14,14.1,14.1.1,624,guinea-bissau,2020,center for ocean-atmospheric prediction studies (coaps),4.06
14,14.1,14.1.1,624,guinea-bissau,2021,center for ocean-atmospheric prediction studies (coaps),1.75
14,14.1,14.1.1,328,guyana,2017,center for ocean-atmospheric prediction studies (coaps),10.94
14,14.1,14.1.1,328,guyana,2018,center for ocean-atmospheric prediction studies (coaps),6.38
14,14.1,14.1.1,328,guyana,2019,center for ocean-atmospheric prediction studies (coaps),10.7
14,14.1,14.1.1,328,guyana,2020,center for ocean-atmospheric prediction studies (coaps),20.3
14,14.1,14.1.1,328,guyana,2021,center for ocean-atmospheric prediction studies (coaps),17.0
14,14.1,14.1.1,332,haiti,2017,center for ocean-atmospheric prediction studies (coaps),41.55
14,14.1,14.1.1,332,haiti,2018,center for ocean-atmospheric prediction studies (coaps),41.7
14,14.1,14.1.1,332,haiti,2019,center for ocean-atmospheric prediction studies (coaps),38.39
14,14.1,14.1.1,332,haiti,2020,center for ocean-atmospheric prediction studies (coaps),41.68
14,14.1,14.1.1,332,haiti,2021,center for ocean-atmospheric prediction studies (coaps),40.93
14,14.1,14.1.1,340,honduras,2017,center for ocean-atmospheric prediction studies (coaps),3.4
14,14.1,14.1.1,340,honduras,2018,center for ocean-atmospheric prediction studies (coaps),5.99
14,14.1,14.1.1,340,honduras,2019,center for ocean-atmospheric prediction studies (coaps),4.99
14,14.1,14.1.1,340,honduras,2020,center for ocean-atmospheric prediction studies (coaps),2.05
14,14.1,14.1.1,340,honduras,2021,center for ocean-atmospheric prediction studies (coaps),4.75
14,14.1,14.1.1,352,iceland,2017,center for ocean-atmospheric prediction studies (coaps),75.0
14,14.1,14.1.1,352,iceland,2018,center for ocean-atmospheric prediction studies (coaps),63.16
14,14.1,14.1.1,352,iceland,2019,center for ocean-atmospheric prediction studies (coaps),61.54
14,14.1,14.1.1,352,iceland,2020,center for ocean-atmospheric prediction studies (coaps),52.5
14,14.1,14.1.1,352,iceland,2021,center for ocean-atmospheric prediction studies (coaps),58.54
14,14.1,14.1.1,356,india,2017,center for ocean-atmospheric prediction studies (coaps),38.68
14,14.1,14.1.1,356,india,2018,center for ocean-atmospheric prediction studies (coaps),36.8
14,14.1,14.1.1,356,india,2019,center for ocean-atmospheric prediction studies (coaps),36.48
14,14.1,14.1.1,356,india,2020,center for ocean-atmospheric prediction studies (coaps),36.67
14,14.1,14.1.1,356,india,2021,center for ocean-atmospheric prediction studies (coaps),33.99
14,14.1,14.1.1,360,indonesia,2017,center for ocean-atmospheric prediction studies (coaps),40.08
14,14.1,14.1.1,360,indonesia,2018,center for ocean-atmospheric prediction studies (coaps),37.43
14,14.1,14.1.1,360,indonesia,2019,center for ocean-atmospheric prediction studies (coaps),35.33
14,14.1,14.1.1,360,indonesia,2020,center for ocean-atmospheric prediction studies (coaps),45.96
14,14.1,14.1.1,360,indonesia,2021,center for ocean-atmospheric prediction studies (coaps),45.04
14,14.1,14.1.1,364,iran (islamic republic of),2017,center for ocean-atmospheric prediction studies (coaps),11.12
14,14.1,14.1.1,364,iran (islamic republic of),2018,center for ocean-atmospheric prediction studies (coaps),10.67
14,14.1,14.1.1,364,iran (islamic republic of),2019,center for ocean-atmospheric prediction studies (coaps),9.85
14,14.1,14.1.1,364,iran (islamic republic of),2020,center for ocean-atmospheric prediction studies (coaps),8.86
14,14.1,14.1.1,364,iran (islamic republic of),2021,center for ocean-atmospheric prediction studies (coaps),10.11
14,14.1,14.1.1,372,ireland,2017,center for ocean-atmospheric prediction studies (coaps),8.43
14,14.1,14.1.1,372,ireland,2018,center for ocean-atmospheric prediction studies (coaps),11.29
14,14.1,14.1.1,372,ireland,2019,center for ocean-atmospheric prediction studies (coaps),21.0
14,14.1,14.1.1,372,ireland,2020,center for ocean-atmospheric prediction studies (coaps),15.89
14,14.1,14.1.1,372,ireland,2021,center for ocean-atmospheric prediction studies (coaps),25.15
14,14.1,14.1.1,376,israel,2017,center for ocean-atmospheric prediction studies (coaps),18.43
14,14.1,14.1.1,376,israel,2018,center for ocean-atmospheric prediction studies (coaps),26.98
14,14.1,14.1.1,376,israel,2019,center for ocean-atmospheric prediction studies (coaps),26.26
14,14.1,14.1.1,376,israel,2020,center for ocean-atmospheric prediction studies (coaps),22.48
14,14.1,14.1.1,376,israel,2021,center for ocean-atmospheric prediction studies (coaps),23.02
14,14.1,14.1.1,380,italy,2017,center for ocean-atmospheric prediction studies (coaps),34.09
14,14.1,14.1.1,380,italy,2018,center for ocean-atmospheric prediction studies (coaps),38.31
14,14.1,14.1.1,380,italy,2019,center for ocean-atmospheric prediction studies (coaps),37.25
14,14.1,14.1.1,380,italy,2020,center for ocean-atmospheric prediction studies (coaps),29.92
14,14.1,14.1.1,380,italy,2021,center for ocean-atmospheric prediction studies (coaps),31.95
14,14.1,14.1.1,388,jamaica,2017,center for ocean-atmospheric prediction studies (coaps),49.17
14,14.1,14.1.1,388,jamaica,2018,center for ocean-atmospheric prediction studies (coaps),50.65
14,14.1,14.1.1,388,jamaica,2019,center for ocean-atmospheric prediction studies (coaps),49.32
14,14.1,14.1.1,388,jamaica,2020,center for ocean-atmospheric prediction studies (coaps),50.07
14,14.1,14.1.1,388,jamaica,2021,center for ocean-atmospheric prediction studies (coaps),49.65
14,14.1,14.1.1,392,japan,2017,center for ocean-atmospheric prediction studies (coaps),80.74
14,14.1,14.1.1,392,japan,2018,center for ocean-atmospheric prediction studies (coaps),81.91
14,14.1,14.1.1,392,japan,2019,center for ocean-atmospheric prediction studies (coaps),82.08
14,14.1,14.1.1,392,japan,2020,center for ocean-atmospheric prediction studies (coaps),83.28
14,14.1,14.1.1,392,japan,2021,center for ocean-atmospheric prediction studies (coaps),84.43
14,14.1,14.1.1,404,kenya,2017,center for ocean-atmospheric prediction studies (coaps),48.07
14,14.1,14.1.1,404,kenya,2018,center for ocean-atmospheric prediction studies (coaps),47.61
14,14.1,14.1.1,404,kenya,2019,center for ocean-atmospheric prediction studies (coaps),47.64
14,14.1,14.1.1,404,kenya,2020,center for ocean-atmospheric prediction studies (coaps),52.51
14,14.1,14.1.1,404,kenya,2021,center for ocean-atmospheric prediction studies (coaps),49.48
14,14.1,14.1.1,296,kiribati,2017,center for ocean-atmospheric prediction studies (coaps),52.94
14,14.1,14.1.1,296,kiribati,2018,center for ocean-atmospheric prediction studies (coaps),55.56
14,14.1,14.1.1,296,kiribati,2019,center for ocean-atmospheric prediction studies (coaps),56.76
14,14.1,14.1.1,296,kiribati,2020,center for ocean-atmospheric prediction studies (coaps),57.89
14,14.1,14.1.1,296,kiribati,2021,center for ocean-atmospheric prediction studies (coaps),53.85
14,14.1,14.1.1,414,kuwait,2017,center for ocean-atmospheric prediction studies (coaps),9.95
14,14.1,14.1.1,414,kuwait,2018,center for ocean-atmospheric prediction studies (coaps),8.14
14,14.1,14.1.1,414,kuwait,2019,center for ocean-atmospheric prediction studies (coaps),9.56
14,14.1,14.1.1,414,kuwait,2020,center for ocean-atmospheric prediction studies (coaps),9.68
14,14.1,14.1.1,414,kuwait,2021,center for ocean-atmospheric prediction studies (coaps),11.27
14,14.1,14.1.1,419,latin america and the caribbean,2017,center for ocean-atmospheric prediction studies (coaps),38.13
14,14.1,14.1.1,419,latin america and the caribbean,2018,center for ocean-atmospheric prediction studies (coaps),38.21
14,14.1,14.1.1,419,latin america and the caribbean,2019,center for ocean-atmospheric prediction studies (coaps),37.01
14,14.1,14.1.1,419,latin america and the caribbean,2020,center for ocean-atmospheric prediction studies (coaps),37.65
14,14.1,14.1.1,419,latin america and the caribbean,2021,center for ocean-atmospheric prediction studies (coaps),37.58
14,14.1,14.1.1,419,latin america and the caribbean,2022,center for ocean-atmospheric prediction studies (coaps),33.06
14,14.1,14.1.1,428,latvia,2017,center for ocean-atmospheric prediction studies (coaps),0.51
14,14.1,14.1.1,428,latvia,2018,center for ocean-atmospheric prediction studies (coaps),11.22
14,14.1,14.1.1,428,latvia,2019,center for ocean-atmospheric prediction studies (coaps),0.94
14,14.1,14.1.1,428,latvia,2020,center for ocean-atmospheric prediction studies (coaps),2.74
14,14.1,14.1.1,428,latvia,2021,center for ocean-atmospheric prediction studies (coaps),11.16
14,14.1,14.1.1,199,least developed countries (ldcs),2017,center for ocean-atmospheric prediction studies (coaps),18.59
14,14.1,14.1.1,199,least developed countries (ldcs),2018,center for ocean-atmospheric prediction studies (coaps),18.55
14,14.1,14.1.1,199,least developed countries (ldcs),2019,center for ocean-atmospheric prediction studies (coaps),17.27
14,14.1,14.1.1,199,least developed countries (ldcs),2020,center for ocean-atmospheric prediction studies (coaps),18.54
14,14.1,14.1.1,199,least developed countries (ldcs),2021,center for ocean-atmospheric prediction studies (coaps),16.96
14,14.1,14.1.1,199,least developed countries (ldcs),2022,center for ocean-atmospheric prediction studies (coaps),27.58
14,14.1,14.1.1,422,lebanon,2017,center for ocean-atmospheric prediction studies (coaps),22.16
14,14.1,14.1.1,422,lebanon,2018,center for ocean-atmospheric prediction studies (coaps),28.35
14,14.1,14.1.1,422,lebanon,2019,center for ocean-atmospheric prediction studies (coaps),29.54
14,14.1,14.1.1,422,lebanon,2020,center for ocean-atmospheric prediction studies (coaps),24.42
14,14.1,14.1.1,422,lebanon,2021,center for ocean-atmospheric prediction studies (coaps),24.2
14,14.1,14.1.1,430,liberia,2017,center for ocean-atmospheric prediction studies (coaps),0.31
14,14.1,14.1.1,430,liberia,2018,center for ocean-atmospheric prediction studies (coaps),1.21
14,14.1,14.1.1,430,liberia,2019,center for ocean-atmospheric prediction studies (coaps),0.91
14,14.1,14.1.1,430,liberia,2020,center for ocean-atmospheric prediction studies (coaps),0.16
14,14.1,14.1.1,430,liberia,2021,center for ocean-atmospheric prediction studies (coaps),0.38
14,14.1,14.1.1,434,libya,2017,center for ocean-atmospheric prediction studies (coaps),21.01
14,14.1,14.1.1,434,libya,2018,center for ocean-atmospheric prediction studies (coaps),26.14
14,14.1,14.1.1,434,libya,2019,center for ocean-atmospheric prediction studies (coaps),27.81
14,14.1,14.1.1,434,libya,2020,center for ocean-atmospheric prediction studies (coaps),21.75
14,14.1,14.1.1,434,libya,2021,center for ocean-atmospheric prediction studies (coaps),25.1
14,14.1,14.1.1,440,lithuania,2017,center for ocean-atmospheric prediction studies (coaps),1.41
14,14.1,14.1.1,440,lithuania,2018,center for ocean-atmospheric prediction studies (coaps),18.67
14,14.1,14.1.1,440,lithuania,2019,center for ocean-atmospheric prediction studies (coaps),6.49
14,14.1,14.1.1,440,lithuania,2020,center for ocean-atmospheric prediction studies (coaps),8.75
14,14.1,14.1.1,440,lithuania,2021,center for ocean-atmospheric prediction studies (coaps),13.58
14,14.1,14.1.1,450,madagascar,2017,center for ocean-atmospheric prediction studies (coaps),44.02
14,14.1,14.1.1,450,madagascar,2018,center for ocean-atmospheric prediction studies (coaps),43.32
14,14.1,14.1.1,450,madagascar,2019,center for ocean-atmospheric prediction studies (coaps),44.67
14,14.1,14.1.1,450,madagascar,2020,center for ocean-atmospheric prediction studies (coaps),43.27
14,14.1,14.1.1,450,madagascar,2021,center for ocean-atmospheric prediction studies (coaps),43.45
14,14.1,14.1.1,458,malaysia,2017,center for ocean-atmospheric prediction studies (coaps),41.5
14,14.1,14.1.1,458,malaysia,2018,center for ocean-atmospheric prediction studies (coaps),38.99
14,14.1,14.1.1,458,malaysia,2019,center for ocean-atmospheric prediction studies (coaps),39.09
14,14.1,14.1.1,458,malaysia,2020,center for ocean-atmospheric prediction studies (coaps),41.46
14,14.1,14.1.1,458,malaysia,2021,center for ocean-atmospheric prediction studies (coaps),40.9
14,14.1,14.1.1,462,maldives,2017,center for ocean-atmospheric prediction studies (coaps),49.5
14,14.1,14.1.1,462,maldives,2018,center for ocean-atmospheric prediction studies (coaps),48.82
14,14.1,14.1.1,462,maldives,2019,center for ocean-atmospheric prediction studies (coaps),53.42
14,14.1,14.1.1,462,maldives,2020,center for ocean-atmospheric prediction studies (coaps),57.78
14,14.1,14.1.1,462,maldives,2021,center for ocean-atmospheric prediction studies (coaps),50.0
14,14.1,14.1.1,470,malta,2017,center for ocean-atmospheric prediction studies (coaps),30.71
14,14.1,14.1.1,470,malta,2018,center for ocean-atmospheric prediction studies (coaps),38.78
14,14.1,14.1.1,470,malta,2019,center for ocean-atmospheric prediction studies (coaps),29.61
14,14.1,14.1.1,470,malta,2020,center for ocean-atmospheric prediction studies (coaps),29.49
14,14.1,14.1.1,470,malta,2021,center for ocean-atmospheric prediction studies (coaps),33.75
14,14.1,14.1.1,474,martinique,2017,center for ocean-atmospheric prediction studies (coaps),36.0
14,14.1,14.1.1,474,martinique,2018,center for ocean-atmospheric prediction studies (coaps),34.62
14,14.1,14.1.1,474,martinique,2019,center for ocean-atmospheric prediction studies (coaps),38.89
14,14.1,14.1.1,474,martinique,2020,center for ocean-atmospheric prediction studies (coaps),45.45
14,14.1,14.1.1,474,martinique,2021,center for ocean-atmospheric prediction studies (coaps),44.64
14,14.1,14.1.1,478,mauritania,2017,center for ocean-atmospheric prediction studies (coaps),34.35
14,14.1,14.1.1,478,mauritania,2018,center for ocean-atmospheric prediction studies (coaps),32.16
14,14.1,14.1.1,478,mauritania,2019,center for ocean-atmospheric prediction studies (coaps),30.25
14,14.1,14.1.1,478,mauritania,2020,center for ocean-atmospheric prediction studies (coaps),31.43
14,14.1,14.1.1,478,mauritania,2021,center for ocean-atmospheric prediction studies (coaps),29.99
14,14.1,14.1.1,480,mauritius,2017,center for ocean-atmospheric prediction studies (coaps),65.03
14,14.1,14.1.1,480,mauritius,2018,center for ocean-atmospheric prediction studies (coaps),67.33
14,14.1,14.1.1,480,mauritius,2019,center for ocean-atmospheric prediction studies (coaps),65.81
14,14.1,14.1.1,480,mauritius,2020,center for ocean-atmospheric prediction studies (coaps),63.52
14,14.1,14.1.1,480,mauritius,2021,center for ocean-atmospheric prediction studies (coaps),65.03
14,14.1,14.1.1,54,melanesia,2017,center for ocean-atmospheric prediction studies (coaps),23.03
14,14.1,14.1.1,54,melanesia,2018,center for ocean-atmospheric prediction studies (coaps),23.26
14,14.1,14.1.1,54,melanesia,2019,center for ocean-atmospheric prediction studies (coaps),18.72
14,14.1,14.1.1,54,melanesia,2020,center for ocean-atmospheric prediction studies (coaps),17.19
14,14.1,14.1.1,54,melanesia,2021,center for ocean-atmospheric prediction studies (coaps),20.25
14,14.1,14.1.1,54,melanesia,2022,center for ocean-atmospheric prediction studies (coaps),21.97
14,14.1,14.1.1,484,mexico,2017,center for ocean-atmospheric prediction studies (coaps),39.7
14,14.1,14.1.1,484,mexico,2018,center for ocean-atmospheric prediction studies (coaps),41.77
14,14.1,14.1.1,484,mexico,2019,center for ocean-atmospheric prediction studies (coaps),40.62
14,14.1,14.1.1,484,mexico,2020,center for ocean-atmospheric prediction studies (coaps),37.56
14,14.1,14.1.1,484,mexico,2021,center for ocean-atmospheric prediction studies (coaps),35.59
14,14.1,14.1.1,57,micronesia,2017,center for ocean-atmospheric prediction studies (coaps),51.79
14,14.1,14.1.1,57,micronesia,2018,center for ocean-atmospheric prediction studies (coaps),52.33
14,14.1,14.1.1,57,micronesia,2019,center for ocean-atmospheric prediction studies (coaps),52.38
14,14.1,14.1.1,57,micronesia,2020,center for ocean-atmospheric prediction studies (coaps),49.04
14,14.1,14.1.1,57,micronesia,2021,center for ocean-atmospheric prediction studies (coaps),49.41
14,14.1,14.1.1,57,micronesia,2022,center for ocean-atmospheric prediction studies (coaps),46.72
14,14.1,14.1.1,583,micronesia (federated states of),2017,center for ocean-atmospheric prediction studies (coaps),53.02
14,14.1,14.1.1,583,micronesia (federated states of),2018,center for ocean-atmospheric prediction studies (coaps),49.24
14,14.1,14.1.1,583,micronesia (federated states of),2019,center for ocean-atmospheric prediction studies (coaps),51.03
14,14.1,14.1.1,583,micronesia (federated states of),2020,center for ocean-atmospheric prediction studies (coaps),48.57
14,14.1,14.1.1,583,micronesia (federated states of),2021,center for ocean-atmospheric prediction studies (coaps),49.16
14,14.1,14.1.1,17,middle africa,2017,center for ocean-atmospheric prediction studies (coaps),3.04
14,14.1,14.1.1,17,middle africa,2018,center for ocean-atmospheric prediction studies (coaps),4.16
14,14.1,14.1.1,17,middle africa,2019,center for ocean-atmospheric prediction studies (coaps),2.93
14,14.1,14.1.1,17,middle africa,2020,center for ocean-atmospheric prediction studies (coaps),2.54
14,14.1,14.1.1,17,middle africa,2021,center for ocean-atmospheric prediction studies (coaps),1.72
14,14.1,14.1.1,17,middle africa,2022,center for ocean-atmospheric prediction studies (coaps),1.84
14,14.1,14.1.1,499,montenegro,2017,center for ocean-atmospheric prediction studies (coaps),41.68
14,14.1,14.1.1,499,montenegro,2018,center for ocean-atmospheric prediction studies (coaps),38.35
14,14.1,14.1.1,499,montenegro,2019,center for ocean-atmospheric prediction studies (coaps),39.28
14,14.1,14.1.1,499,montenegro,2020,center for ocean-atmospheric prediction studies (coaps),36.9
14,14.1,14.1.1,499,montenegro,2021,center for ocean-atmospheric prediction studies (coaps),37.1
14,14.1,14.1.1,504,morocco,2017,center for ocean-atmospheric prediction studies (coaps),57.83
14,14.1,14.1.1,504,morocco,2018,center for ocean-atmospheric prediction studies (coaps),57.32
14,14.1,14.1.1,504,morocco,2019,center for ocean-atmospheric prediction studies (coaps),52.63
14,14.1,14.1.1,504,morocco,2020,center for ocean-atmospheric prediction studies (coaps),55.79
14,14.1,14.1.1,504,morocco,2021,center for ocean-atmospheric prediction studies (coaps),54.37
14,14.1,14.1.1,508,mozambique,2017,center for ocean-atmospheric prediction studies (coaps),35.39
14,14.1,14.1.1,508,mozambique,2018,center for ocean-atmospheric prediction studies (coaps),36.6
14,14.1,14.1.1,508,mozambique,2019,center for ocean-atmospheric prediction studies (coaps),35.62
14,14.1,14.1.1,508,mozambique,2020,center for ocean-atmospheric prediction studies (coaps),36.67
14,14.1,14.1.1,508,mozambique,2021,center for ocean-atmospheric prediction studies (coaps),37.56
14,14.1,14.1.1,104,myanmar,2017,center for ocean-atmospheric prediction studies (coaps),37.93
14,14.1,14.1.1,104,myanmar,2018,center for ocean-atmospheric prediction studies (coaps),36.05
14,14.1,14.1.1,104,myanmar,2019,center for ocean-atmospheric prediction studies (coaps),35.61
14,14.1,14.1.1,104,myanmar,2020,center for ocean-atmospheric prediction studies (coaps),35.55
14,14.1,14.1.1,104,myanmar,2021,center for ocean-atmospheric prediction studies (coaps),32.65
14,14.1,14.1.1,516,namibia,2017,center for ocean-atmospheric prediction studies (coaps),29.18
14,14.1,14.1.1,516,namibia,2018,center for ocean-atmospheric prediction studies (coaps),23.08
14,14.1,14.1.1,516,namibia,2019,center for ocean-atmospheric prediction studies (coaps),24.41
14,14.1,14.1.1,516,namibia,2020,center for ocean-atmospheric prediction studies (coaps),22.77
14,14.1,14.1.1,516,namibia,2021,center for ocean-atmospheric prediction studies (coaps),19.11
14,14.1,14.1.1,528,netherlands (kingdom of the),2017,center for ocean-atmospheric prediction studies (coaps),12.53
14,14.1,14.1.1,528,netherlands (kingdom of the),2018,center for ocean-atmospheric prediction studies (coaps),30.72
14,14.1,14.1.1,528,netherlands (kingdom of the),2019,center for ocean-atmospheric prediction studies (coaps),29.29
14,14.1,14.1.1,528,netherlands (kingdom of the),2020,center for ocean-atmospheric prediction studies (coaps),23.01
14,14.1,14.1.1,528,netherlands (kingdom of the),2021,center for ocean-atmospheric prediction studies (coaps),21.71
14,14.1,14.1.1,554,new zealand,2017,center for ocean-atmospheric prediction studies (coaps),73.24
14,14.1,14.1.1,554,new zealand,2018,center for ocean-atmospheric prediction studies (coaps),75.56
14,14.1,14.1.1,554,new zealand,2019,center for ocean-atmospheric prediction studies (coaps),76.41
14,14.1,14.1.1,554,new zealand,2020,center for ocean-atmospheric prediction studies (coaps),78.95
14,14.1,14.1.1,554,new zealand,2021,center for ocean-atmospheric prediction studies (coaps),82.51
14,14.1,14.1.1,558,nicaragua,2017,center for ocean-atmospheric prediction studies (coaps),58.43
14,14.1,14.1.1,558,nicaragua,2018,center for ocean-atmospheric prediction studies (coaps),58.47
14,14.1,14.1.1,558,nicaragua,2019,center for ocean-atmospheric prediction studies (coaps),60.72
14,14.1,14.1.1,558,nicaragua,2020,center for ocean-atmospheric prediction studies (coaps),56.1
14,14.1,14.1.1,558,nicaragua,2021,center for ocean-atmospheric prediction studies (coaps),53.04
14,14.1,14.1.1,566,nigeria,2017,center for ocean-atmospheric prediction studies (coaps),1.55
14,14.1,14.1.1,566,nigeria,2018,center for ocean-atmospheric prediction studies (coaps),1.56
14,14.1,14.1.1,566,nigeria,2019,center for ocean-atmospheric prediction studies (coaps),1.14
14,14.1,14.1.1,566,nigeria,2020,center for ocean-atmospheric prediction studies (coaps),1.12
14,14.1,14.1.1,566,nigeria,2021,center for ocean-atmospheric prediction studies (coaps),2.08
14,14.1,14.1.1,15,northern africa,2017,center for ocean-atmospheric prediction studies (coaps),24.31
14,14.1,14.1.1,15,northern africa,2018,center for ocean-atmospheric prediction studies (coaps),28.5
14,14.1,14.1.1,15,northern africa,2019,center for ocean-atmospheric prediction studies (coaps),27.57
14,14.1,14.1.1,15,northern africa,2020,center for ocean-atmospheric prediction studies (coaps),25.06
14,14.1,14.1.1,15,northern africa,2021,center for ocean-atmospheric prediction studies (coaps),25.01
14,14.1,14.1.1,15,northern africa,2022,center for ocean-atmospheric prediction studies (coaps),25.1
14,14.1,14.1.1,747,northern africa and western asia,2017,center for ocean-atmospheric prediction studies (coaps),21.4
14,14.1,14.1.1,747,northern africa and western asia,2018,center for ocean-atmospheric prediction studies (coaps),23.47
14,14.1,14.1.1,747,northern africa and western asia,2019,center for ocean-atmospheric prediction studies (coaps),23.06
14,14.1,14.1.1,747,northern africa and western asia,2020,center for ocean-atmospheric prediction studies (coaps),20.95
14,14.1,14.1.1,747,northern africa and western asia,2021,center for ocean-atmospheric prediction studies (coaps),20.95
14,14.1,14.1.1,747,northern africa and western asia,2022,center for ocean-atmospheric prediction studies (coaps),24.72
14,14.1,14.1.1,21,northern america,2017,center for ocean-atmospheric prediction studies (coaps),53.35
14,14.1,14.1.1,21,northern america,2018,center for ocean-atmospheric prediction studies (coaps),49.57
14,14.1,14.1.1,21,northern america,2019,center for ocean-atmospheric prediction studies (coaps),51.64
14,14.1,14.1.1,21,northern america,2020,center for ocean-atmospheric prediction studies (coaps),54.5
14,14.1,14.1.1,21,northern america,2021,center for ocean-atmospheric prediction studies (coaps),51.21
14,14.1,14.1.1,21,northern america,2022,center for ocean-atmospheric prediction studies (coaps),70.92
14,14.1,14.1.1,154,northern europe,2017,center for ocean-atmospheric prediction studies (coaps),18.76
14,14.1,14.1.1,154,northern europe,2018,center for ocean-atmospheric prediction studies (coaps),25.01
14,14.1,14.1.1,154,northern europe,2019,center for ocean-atmospheric prediction studies (coaps),25.64
14,14.1,14.1.1,154,northern europe,2020,center for ocean-atmospheric prediction studies (coaps),17.28
14,14.1,14.1.1,154,northern europe,2021,center for ocean-atmospheric prediction studies (coaps),26.07
14,14.1,14.1.1,154,northern europe,2022,center for ocean-atmospheric prediction studies (coaps),24.34
14,14.1,14.1.1,578,norway,2017,center for ocean-atmospheric prediction studies (coaps),34.76
14,14.1,14.1.1,578,norway,2018,center for ocean-atmospheric prediction studies (coaps),36.99
14,14.1,14.1.1,578,norway,2019,center for ocean-atmospheric prediction studies (coaps),42.73
14,14.1,14.1.1,578,norway,2020,center for ocean-atmospheric prediction studies (coaps),27.04
14,14.1,14.1.1,578,norway,2021,center for ocean-atmospheric prediction studies (coaps),34.73
14,14.1,14.1.1,9,oceania,2017,center for ocean-atmospheric prediction studies (coaps),35.03
14,14.1,14.1.1,9,oceania,2018,center for ocean-atmospheric prediction studies (coaps),38.25
14,14.1,14.1.1,9,oceania,2019,center for ocean-atmospheric prediction studies (coaps),30.77
14,14.1,14.1.1,9,oceania,2020,center for ocean-atmospheric prediction studies (coaps),33.85
14,14.1,14.1.1,9,oceania,2021,center for ocean-atmospheric prediction studies (coaps),37.61
14,14.1,14.1.1,9,oceania,2022,center for ocean-atmospheric prediction studies (coaps),23.65
14,14.1,14.1.1,543,oceania (exc. australia and new zealand),2017,center for ocean-atmospheric prediction studies (coaps),23.23
14,14.1,14.1.1,543,oceania (exc. australia and new zealand),2018,center for ocean-atmospheric prediction studies (coaps),23.49
14,14.1,14.1.1,543,oceania (exc. australia and new zealand),2019,center for ocean-atmospheric prediction studies (coaps),18.97
14,14.1,14.1.1,543,oceania (exc. australia and new zealand),2020,center for ocean-atmospheric prediction studies (coaps),17.47
14,14.1,14.1.1,543,oceania (exc. australia and new zealand),2021,center for ocean-atmospheric prediction studies (coaps),20.5
14,14.1,14.1.1,543,oceania (exc. australia and new zealand),2022,center for ocean-atmospheric prediction studies (coaps),22.59
14,14.1,14.1.1,512,oman,2017,center for ocean-atmospheric prediction studies (coaps),30.09
14,14.1,14.1.1,512,oman,2018,center for ocean-atmospheric prediction studies (coaps),29.13
14,14.1,14.1.1,512,oman,2019,center for ocean-atmospheric prediction studies (coaps),25.22
14,14.1,14.1.1,512,oman,2020,center for ocean-atmospheric prediction studies (coaps),23.66
14,14.1,14.1.1,512,oman,2021,center for ocean-atmospheric prediction studies (coaps),28.37
14,14.1,14.1.1,586,pakistan,2017,center for ocean-atmospheric prediction studies (coaps),33.81
14,14.1,14.1.1,586,pakistan,2018,center for ocean-atmospheric prediction studies (coaps),32.59
14,14.1,14.1.1,586,pakistan,2019,center for ocean-atmospheric prediction studies (coaps),36.0
14,14.1,14.1.1,586,pakistan,2020,center for ocean-atmospheric prediction studies (coaps),34.74
14,14.1,14.1.1,586,pakistan,2021,center for ocean-atmospheric prediction studies (coaps),34.81
14,14.1,14.1.1,585,palau,2017,center for ocean-atmospheric prediction studies (coaps),47.89
14,14.1,14.1.1,585,palau,2018,center for ocean-atmospheric prediction studies (coaps),51.35
14,14.1,14.1.1,585,palau,2019,center for ocean-atmospheric prediction studies (coaps),46.75
14,14.1,14.1.1,585,palau,2020,center for ocean-atmospheric prediction studies (coaps),34.18
14,14.1,14.1.1,585,palau,2021,center for ocean-atmospheric prediction studies (coaps),41.98
14,14.1,14.1.1,591,panama,2017,center for ocean-atmospheric prediction studies (coaps),32.18
14,14.1,14.1.1,591,panama,2018,center for ocean-atmospheric prediction studies (coaps),32.03
14,14.1,14.1.1,591,panama,2019,center for ocean-atmospheric prediction studies (coaps),27.29
14,14.1,14.1.1,591,panama,2020,center for ocean-atmospheric prediction studies (coaps),28.27
14,14.1,14.1.1,591,panama,2021,center for ocean-atmospheric prediction studies (coaps),24.48
14,14.1,14.1.1,598,papua new guinea,2017,center for ocean-atmospheric prediction studies (coaps),22.12
14,14.1,14.1.1,598,papua new guinea,2018,center for ocean-atmospheric prediction studies (coaps),21.96
14,14.1,14.1.1,598,papua new guinea,2019,center for ocean-atmospheric prediction studies (coaps),17.82
14,14.1,14.1.1,598,papua new guinea,2020,center for ocean-atmospheric prediction studies (coaps),15.94
14,14.1,14.1.1,598,papua new guinea,2021,center for ocean-atmospheric prediction studies (coaps),19.19
14,14.1,14.1.1,604,peru,2017,center for ocean-atmospheric prediction studies (coaps),15.19
14,14.1,14.1.1,604,peru,2018,center for ocean-atmospheric prediction studies (coaps),15.2
14,14.1,14.1.1,604,peru,2019,center for ocean-atmospheric prediction studies (coaps),13.61
14,14.1,14.1.1,604,peru,2020,center for ocean-atmospheric prediction studies (coaps),14.17
14,14.1,14.1.1,604,peru,2021,center for ocean-atmospheric prediction studies (coaps),17.0
14,14.1,14.1.1,608,philippines,2017,center for ocean-atmospheric prediction studies (coaps),41.92
14,14.1,14.1.1,608,philippines,2018,center for ocean-atmospheric prediction studies (coaps),38.35
14,14.1,14.1.1,608,philippines,2019,center for ocean-atmospheric prediction studies (coaps),35.85
14,14.1,14.1.1,608,philippines,2020,center for ocean-atmospheric prediction studies (coaps),37.28
14,14.1,14.1.1,608,philippines,2021,center for ocean-atmospheric prediction studies (coaps),41.29
14,14.1,14.1.1,616,poland,2017,center for ocean-atmospheric prediction studies (coaps),7.46
14,14.1,14.1.1,616,poland,2018,center for ocean-atmospheric prediction studies (coaps),23.22
14,14.1,14.1.1,616,poland,2019,center for ocean-atmospheric prediction studies (coaps),13.78
14,14.1,14.1.1,616,poland,2020,center for ocean-atmospheric prediction studies (coaps),15.49
14,14.1,14.1.1,616,poland,2021,center for ocean-atmospheric prediction studies (coaps),14.95
14,14.1,14.1.1,61,polynesia,2022,center for ocean-atmospheric prediction studies (coaps),48.77
14,14.1,14.1.1,620,portugal,2017,center for ocean-atmospheric prediction studies (coaps),58.52
14,14.1,14.1.1,620,portugal,2018,center for ocean-atmospheric prediction studies (coaps),49.29
14,14.1,14.1.1,620,portugal,2019,center for ocean-atmospheric prediction studies (coaps),43.66
14,14.1,14.1.1,620,portugal,2020,center for ocean-atmospheric prediction studies (coaps),45.51
14,14.1,14.1.1,620,portugal,2021,center for ocean-atmospheric prediction studies (coaps),50.53
14,14.1,14.1.1,630,puerto rico,2017,center for ocean-atmospheric prediction studies (coaps),53.69
14,14.1,14.1.1,630,puerto rico,2018,center for ocean-atmospheric prediction studies (coaps),53.69
14,14.1,14.1.1,630,puerto rico,2019,center for ocean-atmospheric prediction studies (coaps),55.57
14,14.1,14.1.1,630,puerto rico,2020,center for ocean-atmospheric prediction studies (coaps),57.98
14,14.1,14.1.1,630,puerto rico,2021,center for ocean-atmospheric prediction studies (coaps),57.94
14,14.1,14.1.1,634,qatar,2017,center for ocean-atmospheric prediction studies (coaps),2.82
14,14.1,14.1.1,634,qatar,2018,center for ocean-atmospheric prediction studies (coaps),2.58
14,14.1,14.1.1,634,qatar,2019,center for ocean-atmospheric prediction studies (coaps),1.92
14,14.1,14.1.1,634,qatar,2020,center for ocean-atmospheric prediction studies (coaps),2.2
14,14.1,14.1.1,634,qatar,2021,center for ocean-atmospheric prediction studies (coaps),2.15
14,14.1,14.1.1,410,republic of korea,2017,center for ocean-atmospheric prediction studies (coaps),53.77
14,14.1,14.1.1,410,republic of korea,2018,center for ocean-atmospheric prediction studies (coaps),61.81
14,14.1,14.1.1,410,republic of korea,2019,center for ocean-atmospheric prediction studies (coaps),55.38
14,14.1,14.1.1,410,republic of korea,2020,center for ocean-atmospheric prediction studies (coaps),51.52
14,14.1,14.1.1,410,republic of korea,2021,center for ocean-atmospheric prediction studies (coaps),49.54
14,14.1,14.1.1,638,réunion,2017,center for ocean-atmospheric prediction studies (coaps),73.03
14,14.1,14.1.1,638,réunion,2018,center for ocean-atmospheric prediction studies (coaps),78.49
14,14.1,14.1.1,638,réunion,2019,center for ocean-atmospheric prediction studies (coaps),74.23
14,14.1,14.1.1,638,réunion,2020,center for ocean-atmospheric prediction studies (coaps),72.0
14,14.1,14.1.1,638,réunion,2021,center for ocean-atmospheric prediction studies (coaps),74.51
14,14.1,14.1.1,642,romania,2017,center for ocean-atmospheric prediction studies (coaps),49.2
14,14.1,14.1.1,642,romania,2018,center for ocean-atmospheric prediction studies (coaps),24.42
14,14.1,14.1.1,642,romania,2019,center for ocean-atmospheric prediction studies (coaps),32.46
14,14.1,14.1.1,642,romania,2020,center for ocean-atmospheric prediction studies (coaps),29.01
14,14.1,14.1.1,642,romania,2021,center for ocean-atmospheric prediction studies (coaps),37.45
14,14.1,14.1.1,643,russian federation,2017,center for ocean-atmospheric prediction studies (coaps),37.49
14,14.1,14.1.1,643,russian federation,2018,center for ocean-atmospheric prediction studies (coaps),39.98
14,14.1,14.1.1,643,russian federation,2019,center for ocean-atmospheric prediction studies (coaps),39.86
14,14.1,14.1.1,643,russian federation,2020,center for ocean-atmospheric prediction studies (coaps),36.48
14,14.1,14.1.1,643,russian federation,2021,center for ocean-atmospheric prediction studies (coaps),40.93
14,14.1,14.1.1,659,saint kitts and nevis,2017,center for ocean-atmospheric prediction studies (coaps),50.0
14,14.1,14.1.1,659,saint kitts and nevis,2018,center for ocean-atmospheric prediction studies (coaps),47.17
14,14.1,14.1.1,659,saint kitts and nevis,2019,center for ocean-atmospheric prediction studies (coaps),47.27
14,14.1,14.1.1,659,saint kitts and nevis,2020,center for ocean-atmospheric prediction studies (coaps),57.14
14,14.1,14.1.1,659,saint kitts and nevis,2021,center for ocean-atmospheric prediction studies (coaps),59.65
14,14.1,14.1.1,662,saint lucia,2017,center for ocean-atmospheric prediction studies (coaps),42.04
14,14.1,14.1.1,662,saint lucia,2018,center for ocean-atmospheric prediction studies (coaps),44.54
14,14.1,14.1.1,662,saint lucia,2019,center for ocean-atmospheric prediction studies (coaps),45.27
14,14.1,14.1.1,662,saint lucia,2020,center for ocean-atmospheric prediction studies (coaps),48.51
14,14.1,14.1.1,662,saint lucia,2021,center for ocean-atmospheric prediction studies (coaps),46.35
14,14.1,14.1.1,670,saint vincent and the grenadines,2017,center for ocean-atmospheric prediction studies (coaps),42.28
14,14.1,14.1.1,670,saint vincent and the grenadines,2018,center for ocean-atmospheric prediction studies (coaps),40.93
14,14.1,14.1.1,670,saint vincent and the grenadines,2019,center for ocean-atmospheric prediction studies (coaps),41.68
14,14.1,14.1.1,670,saint vincent and the grenadines,2020,center for ocean-atmospheric prediction studies (coaps),40.63
14,14.1,14.1.1,670,saint vincent and the grenadines,2021,center for ocean-atmospheric prediction studies (coaps),43.21
14,14.1,14.1.1,882,samoa,2017,center for ocean-atmospheric prediction studies (coaps),33.77
14,14.1,14.1.1,882,samoa,2018,center for ocean-atmospheric prediction studies (coaps),39.58
14,14.1,14.1.1,882,samoa,2019,center for ocean-atmospheric prediction studies (coaps),34.42
14,14.1,14.1.1,882,samoa,2020,center for ocean-atmospheric prediction studies (coaps),38.12
14,14.1,14.1.1,882,samoa,2021,center for ocean-atmospheric prediction studies (coaps),39.2
14,14.1,14.1.1,678,sao tome and principe,2017,center for ocean-atmospheric prediction studies (coaps),3.41
14,14.1,14.1.1,678,sao tome and principe,2018,center for ocean-atmospheric prediction studies (coaps),6.75
14,14.1,14.1.1,678,sao tome and principe,2019,center for ocean-atmospheric prediction studies (coaps),3.76
14,14.1,14.1.1,678,sao tome and principe,2020,center for ocean-atmospheric prediction studies (coaps),4.33
14,14.1,14.1.1,678,sao tome and principe,2021,center for ocean-atmospheric prediction studies (coaps),2.84
14,14.1,14.1.1,682,saudi arabia,2017,center for ocean-atmospheric prediction studies (coaps),7.04
14,14.1,14.1.1,682,saudi arabia,2018,center for ocean-atmospheric prediction studies (coaps),6.45
14,14.1,14.1.1,682,saudi arabia,2019,center for ocean-atmospheric prediction studies (coaps),5.86
14,14.1,14.1.1,682,saudi arabia,2020,center for ocean-atmospheric prediction studies (coaps),6.19
14,14.1,14.1.1,682,saudi arabia,2021,center for ocean-atmospheric prediction studies (coaps),4.37
14,14.1,14.1.1,686,senegal,2017,center for ocean-atmospheric prediction studies (coaps),30.37
14,14.1,14.1.1,686,senegal,2018,center for ocean-atmospheric prediction studies (coaps),25.89
14,14.1,14.1.1,686,senegal,2019,center for ocean-atmospheric prediction studies (coaps),23.93
14,14.1,14.1.1,686,senegal,2020,center for ocean-atmospheric prediction studies (coaps),24.14
14,14.1,14.1.1,686,senegal,2021,center for ocean-atmospheric prediction studies (coaps),18.12
14,14.1,14.1.1,690,seychelles,2017,center for ocean-atmospheric prediction studies (coaps),53.49
14,14.1,14.1.1,690,seychelles,2018,center for ocean-atmospheric prediction studies (coaps),51.11
14,14.1,14.1.1,690,seychelles,2019,center for ocean-atmospheric prediction studies (coaps),51.06
14,14.1,14.1.1,690,seychelles,2020,center for ocean-atmospheric prediction studies (coaps),56.25
14,14.1,14.1.1,690,seychelles,2021,center for ocean-atmospheric prediction studies (coaps),55.1
14,14.1,14.1.1,694,sierra leone,2017,center for ocean-atmospheric prediction studies (coaps),0.67
14,14.1,14.1.1,694,sierra leone,2018,center for ocean-atmospheric prediction studies (coaps),0.77
14,14.1,14.1.1,694,sierra leone,2019,center for ocean-atmospheric prediction studies (coaps),0.31
14,14.1,14.1.1,694,sierra leone,2020,center for ocean-atmospheric prediction studies (coaps),0.03
14,14.1,14.1.1,694,sierra leone,2021,center for ocean-atmospheric prediction studies (coaps),1.07
14,14.1,14.1.1,722,small island developing states (sids),2017,center for ocean-atmospheric prediction studies (coaps),22.43
14,14.1,14.1.1,722,small island developing states (sids),2018,center for ocean-atmospheric prediction studies (coaps),20.75
14,14.1,14.1.1,722,small island developing states (sids),2019,center for ocean-atmospheric prediction studies (coaps),19.76
14,14.1,14.1.1,722,small island developing states (sids),2020,center for ocean-atmospheric prediction studies (coaps),23.07
14,14.1,14.1.1,722,small island developing states (sids),2021,center for ocean-atmospheric prediction studies (coaps),23.24
14,14.1,14.1.1,722,small island developing states (sids),2022,center for ocean-atmospheric prediction studies (coaps),36.18
14,14.1,14.1.1,90,solomon islands,2017,center for ocean-atmospheric prediction studies (coaps),35.03
14,14.1,14.1.1,90,solomon islands,2018,center for ocean-atmospheric prediction studies (coaps),35.65
14,14.1,14.1.1,90,solomon islands,2019,center for ocean-atmospheric prediction studies (coaps),30.05
14,14.1,14.1.1,90,solomon islands,2020,center for ocean-atmospheric prediction studies (coaps),30.55
14,14.1,14.1.1,90,solomon islands,2021,center for ocean-atmospheric prediction studies (coaps),27.59
14,14.1,14.1.1,706,somalia,2017,center for ocean-atmospheric prediction studies (coaps),26.23
14,14.1,14.1.1,706,somalia,2018,center for ocean-atmospheric prediction studies (coaps),26.99
14,14.1,14.1.1,706,somalia,2019,center for ocean-atmospheric prediction studies (coaps),21.8
14,14.1,14.1.1,706,somalia,2020,center for ocean-atmospheric prediction studies (coaps),30.99
14,14.1,14.1.1,706,somalia,2021,center for ocean-atmospheric prediction studies (coaps),27.95
14,14.1,14.1.1,710,south africa,2017,center for ocean-atmospheric prediction studies (coaps),82.17
14,14.1,14.1.1,710,south africa,2018,center for ocean-atmospheric prediction studies (coaps),81.59
14,14.1,14.1.1,710,south africa,2019,center for ocean-atmospheric prediction studies (coaps),77.79
14,14.1,14.1.1,710,south africa,2020,center for ocean-atmospheric prediction studies (coaps),77.27
14,14.1,14.1.1,710,south africa,2021,center for ocean-atmospheric prediction studies (coaps),77.82
14,14.1,14.1.1,5,south america,2017,center for ocean-atmospheric prediction studies (coaps),38.04
14,14.1,14.1.1,5,south america,2018,center for ocean-atmospheric prediction studies (coaps),37.84
14,14.1,14.1.1,5,south america,2019,center for ocean-atmospheric prediction studies (coaps),36.56
14,14.1,14.1.1,5,south america,2020,center for ocean-atmospheric prediction studies (coaps),37.71
14,14.1,14.1.1,5,south america,2021,center for ocean-atmospheric prediction studies (coaps),37.92
14,14.1,14.1.1,5,south america,2022,center for ocean-atmospheric prediction studies (coaps),30.77
14,14.1,14.1.1,35,south-eastern asia,2017,center for ocean-atmospheric prediction studies (coaps),37.34
14,14.1,14.1.1,35,south-eastern asia,2018,center for ocean-atmospheric prediction studies (coaps),34.27
14,14.1,14.1.1,35,south-eastern asia,2019,center for ocean-atmospheric prediction studies (coaps),32.87
14,14.1,14.1.1,35,south-eastern asia,2020,center for ocean-atmospheric prediction studies (coaps),37.97
14,14.1,14.1.1,35,south-eastern asia,2021,center for ocean-atmospheric prediction studies (coaps),37.74
14,14.1,14.1.1,35,south-eastern asia,2022,center for ocean-atmospheric prediction studies (coaps),39.33
14,14.1,14.1.1,18,southern africa,2017,center for ocean-atmospheric prediction studies (coaps),60.74
14,14.1,14.1.1,18,southern africa,2018,center for ocean-atmospheric prediction studies (coaps),57.93
14,14.1,14.1.1,18,southern africa,2019,center for ocean-atmospheric prediction studies (coaps),56.21
14,14.1,14.1.1,18,southern africa,2020,center for ocean-atmospheric prediction studies (coaps),55.24
14,14.1,14.1.1,18,southern africa,2021,center for ocean-atmospheric prediction studies (coaps),54.08
14,14.1,14.1.1,18,southern africa,2022,center for ocean-atmospheric prediction studies (coaps),77.28
14,14.1,14.1.1,34,southern asia,2017,center for ocean-atmospheric prediction studies (coaps),29.83
14,14.1,14.1.1,34,southern asia,2018,center for ocean-atmospheric prediction studies (coaps),28.56
14,14.1,14.1.1,34,southern asia,2019,center for ocean-atmospheric prediction studies (coaps),28.56
14,14.1,14.1.1,34,southern asia,2020,center for ocean-atmospheric prediction studies (coaps),28.21
14,14.1,14.1.1,34,southern asia,2021,center for ocean-atmospheric prediction studies (coaps),27.01
14,14.1,14.1.1,34,southern asia,2022,center for ocean-atmospheric prediction studies (coaps),32.58
14,14.1,14.1.1,39,southern europe,2017,center for ocean-atmospheric prediction studies (coaps),37.4
14,14.1,14.1.1,39,southern europe,2018,center for ocean-atmospheric prediction studies (coaps),39.82
14,14.1,14.1.1,39,southern europe,2019,center for ocean-atmospheric prediction studies (coaps),37.11
14,14.1,14.1.1,39,southern europe,2020,center for ocean-atmospheric prediction studies (coaps),34.56
14,14.1,14.1.1,39,southern europe,2021,center for ocean-atmospheric prediction studies (coaps),34.37
14,14.1,14.1.1,39,southern europe,2022,center for ocean-atmospheric prediction studies (coaps),28.21
14,14.1,14.1.1,724,spain,2017,center for ocean-atmospheric prediction studies (coaps),39.52
14,14.1,14.1.1,724,spain,2018,center for ocean-atmospheric prediction studies (coaps),44.16
14,14.1,14.1.1,724,spain,2019,center for ocean-atmospheric prediction studies (coaps),38.0
14,14.1,14.1.1,724,spain,2020,center for ocean-atmospheric prediction studies (coaps),38.42
14,14.1,14.1.1,724,spain,2021,center for ocean-atmospheric prediction studies (coaps),35.03
14,14.1,14.1.1,144,sri lanka,2017,center for ocean-atmospheric prediction studies (coaps),45.6
14,14.1,14.1.1,144,sri lanka,2018,center for ocean-atmospheric prediction studies (coaps),46.02
14,14.1,14.1.1,144,sri lanka,2019,center for ocean-atmospheric prediction studies (coaps),44.58
14,14.1,14.1.1,144,sri lanka,2020,center for ocean-atmospheric prediction studies (coaps),47.19
14,14.1,14.1.1,144,sri lanka,2021,center for ocean-atmospheric prediction studies (coaps),43.0
14,14.1,14.1.1,275,state of palestine,2017,center for ocean-atmospheric prediction studies (coaps),13.44
14,14.1,14.1.1,275,state of palestine,2018,center for ocean-atmospheric prediction studies (coaps),26.95
14,14.1,14.1.1,275,state of palestine,2019,center for ocean-atmospheric prediction studies (coaps),26.19
14,14.1,14.1.1,275,state of palestine,2020,center for ocean-atmospheric prediction studies (coaps),21.52
14,14.1,14.1.1,275,state of palestine,2021,center for ocean-atmospheric prediction studies (coaps),19.55
14,14.1,14.1.1,202,sub-saharan africa,2017,center for ocean-atmospheric prediction studies (coaps),23.22
14,14.1,14.1.1,202,sub-saharan africa,2018,center for ocean-atmospheric prediction studies (coaps),23.22
14,14.1,14.1.1,202,sub-saharan africa,2019,center for ocean-atmospheric prediction studies (coaps),22.14
14,14.1,14.1.1,202,sub-saharan africa,2020,center for ocean-atmospheric prediction studies (coaps),22.93
14,14.1,14.1.1,202,sub-saharan africa,2021,center for ocean-atmospheric prediction studies (coaps),21.78
14,14.1,14.1.1,202,sub-saharan africa,2022,center for ocean-atmospheric prediction studies (coaps),18.51
14,14.1,14.1.1,729,sudan,2017,center for ocean-atmospheric prediction studies (coaps),6.84
14,14.1,14.1.1,729,sudan,2018,center for ocean-atmospheric prediction studies (coaps),6.52
14,14.1,14.1.1,729,sudan,2019,center for ocean-atmospheric prediction studies (coaps),4.46
14,14.1,14.1.1,729,sudan,2020,center for ocean-atmospheric prediction studies (coaps),7.54
14,14.1,14.1.1,729,sudan,2021,center for ocean-atmospheric prediction studies (coaps),4.79
14,14.1,14.1.1,740,suriname,2017,center for ocean-atmospheric prediction studies (coaps),19.27
14,14.1,14.1.1,740,suriname,2018,center for ocean-atmospheric prediction studies (coaps),13.91
14,14.1,14.1.1,740,suriname,2019,center for ocean-atmospheric prediction studies (coaps),17.39
14,14.1,14.1.1,740,suriname,2020,center for ocean-atmospheric prediction studies (coaps),29.72
14,14.1,14.1.1,740,suriname,2021,center for ocean-atmospheric prediction studies (coaps),25.14
14,14.1,14.1.1,752,sweden,2017,center for ocean-atmospheric prediction studies (coaps),12.34
14,14.1,14.1.1,752,sweden,2018,center for ocean-atmospheric prediction studies (coaps),25.79
14,14.1,14.1.1,752,sweden,2019,center for ocean-atmospheric prediction studies (coaps),22.0
14,14.1,14.1.1,752,sweden,2020,center for ocean-atmospheric prediction studies (coaps),13.29
14,14.1,14.1.1,752,sweden,2021,center for ocean-atmospheric prediction studies (coaps),21.07
14,14.1,14.1.1,760,syrian arab republic,2017,center for ocean-atmospheric prediction studies (coaps),20.6
14,14.1,14.1.1,760,syrian arab republic,2018,center for ocean-atmospheric prediction studies (coaps),29.58
14,14.1,14.1.1,760,syrian arab republic,2019,center for ocean-atmospheric prediction studies (coaps),26.51
14,14.1,14.1.1,760,syrian arab republic,2020,center for ocean-atmospheric prediction studies (coaps),24.3
14,14.1,14.1.1,760,syrian arab republic,2021,center for ocean-atmospheric prediction studies (coaps),22.69
14,14.1,14.1.1,764,thailand,2017,center for ocean-atmospheric prediction studies (coaps),26.53
14,14.1,14.1.1,764,thailand,2018,center for ocean-atmospheric prediction studies (coaps),20.48
14,14.1,14.1.1,764,thailand,2019,center for ocean-atmospheric prediction studies (coaps),20.34
14,14.1,14.1.1,764,thailand,2020,center for ocean-atmospheric prediction studies (coaps),20.89
14,14.1,14.1.1,764,thailand,2021,center for ocean-atmospheric prediction studies (coaps),21.89
14,14.1,14.1.1,626,timor-leste,2017,center for ocean-atmospheric prediction studies (coaps),50.36
14,14.1,14.1.1,626,timor-leste,2018,center for ocean-atmospheric prediction studies (coaps),46.75
14,14.1,14.1.1,626,timor-leste,2019,center for ocean-atmospheric prediction studies (coaps),44.83
14,14.1,14.1.1,626,timor-leste,2020,center for ocean-atmospheric prediction studies (coaps),47.56
14,14.1,14.1.1,626,timor-leste,2021,center for ocean-atmospheric prediction studies (coaps),48.74
14,14.1,14.1.1,768,togo,2017,center for ocean-atmospheric prediction studies (coaps),0.2
14,14.1,14.1.1,768,togo,2018,center for ocean-atmospheric prediction studies (coaps),1.2
14,14.1,14.1.1,768,togo,2019,center for ocean-atmospheric prediction studies (coaps),0.0
14,14.1,14.1.1,768,togo,2020,center for ocean-atmospheric prediction studies (coaps),0.05
14,14.1,14.1.1,768,togo,2021,center for ocean-atmospheric prediction studies (coaps),0.65
14,14.1,14.1.1,776,tonga,2017,center for ocean-atmospheric prediction studies (coaps),42.89
14,14.1,14.1.1,776,tonga,2018,center for ocean-atmospheric prediction studies (coaps),43.68
14,14.1,14.1.1,776,tonga,2019,center for ocean-atmospheric prediction studies (coaps),43.32
14,14.1,14.1.1,776,tonga,2020,center for ocean-atmospheric prediction studies (coaps),43.85
14,14.1,14.1.1,776,tonga,2021,center for ocean-atmospheric prediction studies (coaps),49.02
14,14.1,14.1.1,780,trinidad and tobago,2017,center for ocean-atmospheric prediction studies (coaps),28.41
14,14.1,14.1.1,780,trinidad and tobago,2018,center for ocean-atmospheric prediction studies (coaps),30.31
14,14.1,14.1.1,780,trinidad and tobago,2019,center for ocean-atmospheric prediction studies (coaps),26.35
14,14.1,14.1.1,780,trinidad and tobago,2020,center for ocean-atmospheric prediction studies (coaps),32.13
14,14.1,14.1.1,780,trinidad and tobago,2021,center for ocean-atmospheric prediction studies (coaps),29.67
14,14.1,14.1.1,788,tunisia,2017,center for ocean-atmospheric prediction studies (coaps),25.92
14,14.1,14.1.1,788,tunisia,2018,center for ocean-atmospheric prediction studies (coaps),31.88
14,14.1,14.1.1,788,tunisia,2019,center for ocean-atmospheric prediction studies (coaps),32.83
14,14.1,14.1.1,788,tunisia,2020,center for ocean-atmospheric prediction studies (coaps),26.82
14,14.1,14.1.1,788,tunisia,2021,center for ocean-atmospheric prediction studies (coaps),30.98
14,14.1,14.1.1,792,türkiye,2017,center for ocean-atmospheric prediction studies (coaps),29.82
14,14.1,14.1.1,792,türkiye,2018,center for ocean-atmospheric prediction studies (coaps),24.62
14,14.1,14.1.1,792,türkiye,2019,center for ocean-atmospheric prediction studies (coaps),31.72
14,14.1,14.1.1,792,türkiye,2020,center for ocean-atmospheric prediction studies (coaps),24.21
14,14.1,14.1.1,792,türkiye,2021,center for ocean-atmospheric prediction studies (coaps),28.1
14,14.1,14.1.1,804,ukraine,2017,center for ocean-atmospheric prediction studies (coaps),41.36
14,14.1,14.1.1,804,ukraine,2018,center for ocean-atmospheric prediction studies (coaps),25.49
14,14.1,14.1.1,804,ukraine,2019,center for ocean-atmospheric prediction studies (coaps),33.24
14,14.1,14.1.1,804,ukraine,2020,center for ocean-atmospheric prediction studies (coaps),29.11
14,14.1,14.1.1,804,ukraine,2021,center for ocean-atmospheric prediction studies (coaps),34.63
14,14.1,14.1.1,784,united arab emirates,2017,center for ocean-atmospheric prediction studies (coaps),2.89
14,14.1,14.1.1,784,united arab emirates,2018,center for ocean-atmospheric prediction studies (coaps),1.48
14,14.1,14.1.1,784,united arab emirates,2019,center for ocean-atmospheric prediction studies (coaps),2.71
14,14.1,14.1.1,784,united arab emirates,2020,center for ocean-atmospheric prediction studies (coaps),2.35
14,14.1,14.1.1,784,united arab emirates,2021,center for ocean-atmospheric prediction studies (coaps),2.64
14,14.1,14.1.1,826,united kingdom of great britain and northern ireland,2017,center for ocean-atmospheric prediction studies (coaps),14.56
14,14.1,14.1.1,826,united kingdom of great britain and northern ireland,2018,center for ocean-atmospheric prediction studies (coaps),22.43
14,14.1,14.1.1,826,united kingdom of great britain and northern ireland,2019,center for ocean-atmospheric prediction studies (coaps),26.49
14,14.1,14.1.1,826,united kingdom of great britain and northern ireland,2020,center for ocean-atmospheric prediction studies (coaps),21.86
14,14.1,14.1.1,826,united kingdom of great britain and northern ireland,2021,center for ocean-atmospheric prediction studies (coaps),27.19
14,14.1,14.1.1,834,united republic of tanzania,2017,center for ocean-atmospheric prediction studies (coaps),37.51
14,14.1,14.1.1,834,united republic of tanzania,2018,center for ocean-atmospheric prediction studies (coaps),40.14
14,14.1,14.1.1,834,united republic of tanzania,2019,center for ocean-atmospheric prediction studies (coaps),42.5
14,14.1,14.1.1,834,united republic of tanzania,2020,center for ocean-atmospheric prediction studies (coaps),45.86
14,14.1,14.1.1,834,united republic of tanzania,2021,center for ocean-atmospheric prediction studies (coaps),42.37
14,14.1,14.1.1,840,united states of america,2017,center for ocean-atmospheric prediction studies (coaps),68.77
14,14.1,14.1.1,840,united states of america,2018,center for ocean-atmospheric prediction studies (coaps),68.6
14,14.1,14.1.1,840,united states of america,2019,center for ocean-atmospheric prediction studies (coaps),68.82
14,14.1,14.1.1,840,united states of america,2020,center for ocean-atmospheric prediction studies (coaps),69.27
14,14.1,14.1.1,840,united states of america,2021,center for ocean-atmospheric prediction studies (coaps),68.88
14,14.1,14.1.1,858,uruguay,2017,center for ocean-atmospheric prediction studies (coaps),48.1
14,14.1,14.1.1,858,uruguay,2018,center for ocean-atmospheric prediction studies (coaps),44.82
14,14.1,14.1.1,858,uruguay,2019,center for ocean-atmospheric prediction studies (coaps),41.51
14,14.1,14.1.1,858,uruguay,2020,center for ocean-atmospheric prediction studies (coaps),33.3
14,14.1,14.1.1,858,uruguay,2021,center for ocean-atmospheric prediction studies (coaps),29.03
14,14.1,14.1.1,548,vanuatu,2017,center for ocean-atmospheric prediction studies (coaps),23.44
14,14.1,14.1.1,548,vanuatu,2018,center for ocean-atmospheric prediction studies (coaps),29.06
14,14.1,14.1.1,548,vanuatu,2019,center for ocean-atmospheric prediction studies (coaps),18.96
14,14.1,14.1.1,548,vanuatu,2020,center for ocean-atmospheric prediction studies (coaps),22.78
14,14.1,14.1.1,548,vanuatu,2021,center for ocean-atmospheric prediction studies (coaps),27.92
14,14.1,14.1.1,862,venezuela (bolivarian republic of),2017,center for ocean-atmospheric prediction studies (coaps),12.94
14,14.1,14.1.1,862,venezuela (bolivarian republic of),2018,center for ocean-atmospheric prediction studies (coaps),11.06
14,14.1,14.1.1,862,venezuela (bolivarian republic of),2019,center for ocean-atmospheric prediction studies (coaps),11.55
14,14.1,14.1.1,862,venezuela (bolivarian republic of),2020,center for ocean-atmospheric prediction studies (coaps),15.19
14,14.1,14.1.1,862,venezuela (bolivarian republic of),2021,center for ocean-atmospheric prediction studies (coaps),12.62
14,14.1,14.1.1,704,viet nam,2017,center for ocean-atmospheric prediction studies (coaps),30.41
14,14.1,14.1.1,704,viet nam,2018,center for ocean-atmospheric prediction studies (coaps),29.11
14,14.1,14.1.1,704,viet nam,2019,center for ocean-atmospheric prediction studies (coaps),26.22
14,14.1,14.1.1,704,viet nam,2020,center for ocean-atmospheric prediction studies (coaps),26.9
14,14.1,14.1.1,704,viet nam,2021,center for ocean-atmospheric prediction studies (coaps),27.68
14,14.1,14.1.1,11,western africa,2022,center for ocean-atmospheric prediction studies (coaps),2.77
14,14.1,14.1.1,145,western asia,2017,center for ocean-atmospheric prediction studies (coaps),15.91
14,14.1,14.1.1,145,western asia,2018,center for ocean-atmospheric prediction studies (coaps),13.97
14,14.1,14.1.1,145,western asia,2019,center for ocean-atmospheric prediction studies (coaps),14.55
14,14.1,14.1.1,145,western asia,2020,center for ocean-atmospheric prediction studies (coaps),13.19
14,14.1,14.1.1,145,western asia,2021,center for ocean-atmospheric prediction studies (coaps),13.29
14,14.1,14.1.1,145,western asia,2022,center for ocean-atmospheric prediction studies (coaps),24.19
14,14.1,14.1.1,155,western europe,2017,center for ocean-atmospheric prediction studies (coaps),19.48
14,14.1,14.1.1,155,western europe,2018,center for ocean-atmospheric prediction studies (coaps),28.92
14,14.1,14.1.1,155,western europe,2019,center for ocean-atmospheric prediction studies (coaps),28.34
14,14.1,14.1.1,155,western europe,2020,center for ocean-atmospheric prediction studies (coaps),21.52
14,14.1,14.1.1,155,western europe,2021,center for ocean-atmospheric prediction studies (coaps),23.13
14,14.1,14.1.1,155,western europe,2022,center for ocean-atmospheric prediction studies (coaps),28.7
14,14.1,14.1.1,732,western sahara,2017,center for ocean-atmospheric prediction studies (coaps),72.23
14,14.1,14.1.1,732,western sahara,2018,center for ocean-atmospheric prediction studies (coaps),70.04
14,14.1,14.1.1,732,western sahara,2019,center for ocean-atmospheric prediction studies (coaps),69.06
14,14.1,14.1.1,732,western sahara,2020,center for ocean-atmospheric prediction studies (coaps),71.44
14,14.1,14.1.1,732,western sahara,2021,center for ocean-atmospheric prediction studies (coaps),71.62
14,14.1,14.1.1,1,world,2017,center for ocean-atmospheric prediction studies (coaps),34.53
14,14.1,14.1.1,1,world,2018,center for ocean-atmospheric prediction studies (coaps),34.41
14,14.1,14.1.1,1,world,2019,center for ocean-atmospheric prediction studies (coaps),33.49
14,14.1,14.1.1,1,world,2020,center for ocean-atmospheric prediction studies (coaps),33.54
14,14.1,14.1.1,1,world,2021,center for ocean-atmospheric prediction studies (coaps),34.49
14,14.1,14.1.1,1,world,2022,center for ocean-atmospheric prediction studies (coaps),30.04
14,14.1,14.1.1,887,yemen,2017,center for ocean-atmospheric prediction studies (coaps),17.84
14,14.1,14.1.1,887,yemen,2018,center for ocean-atmospheric prediction studies (coaps),11.01
14,14.1,14.1.1,887,yemen,2019,center for ocean-atmospheric prediction studies (coaps),10.54
14,14.1,14.1.1,887,yemen,2020,center for ocean-atmospheric prediction studies (coaps),11.98
14,14.1,14.1.1,887,yemen,2021,center for ocean-atmospheric prediction studies (coaps),11.74
