"SCENARIO","Scenario","PLASTIC_LEAKAGE_TO_OCEAN","Variable","TIME","Time","Value","Flag Codes","Flags"
"CENTRAL_BASELINE","Baseline","ACCUMULATED_STOCK_IN_OCEANS","Accumulated stock in oceans","2019","2019",30.408751,,
"CENTRAL_BASELINE","Baseline","ACCUMULATED_STOCK_IN_OCEANS","Accumulated stock in oceans","2020","2020",32.125966,,
"CENTRAL_BASELINE","Baseline","ACCUMULATED_STOCK_IN_OCEANS","Accumulated stock in oceans","2021","2021",33.895155,,
"CENTRAL_BASELINE","Baseline","ACCUMULATED_STOCK_IN_OCEANS","Accumulated stock in oceans","2022","2022",35.715894,,
"CENTRAL_BASELINE","Baseline","ACCUMULATED_STOCK_IN_OCEANS","Accumulated stock in oceans","2023","2023",37.586897,,
"CENTRAL_BASELINE","Baseline","ACCUMULATED_STOCK_IN_OCEANS","Accumulated stock in oceans","2024","2024",39.507046,,
"CENTRAL_BASELINE","Baseline","ACCUMULATED_STOCK_IN_OCEANS","Accumulated stock in oceans","2025","2025",41.476231,,
"CENTRAL_BASELINE","Baseline","ACCUMULATED_STOCK_IN_OCEANS","Accumulated stock in oceans","2026","2026",43.49437,,
"CENTRAL_BASELINE","Baseline","ACCUMULATED_STOCK_IN_OCEANS","Accumulated stock in oceans","2027","2027",45.561665,,
"CENTRAL_BASELINE","Baseline","ACCUMULATED_STOCK_IN_OCEANS","Accumulated stock in oceans","2028","2028",47.677817,,
"CENTRAL_BASELINE","Baseline","ACCUMULATED_STOCK_IN_OCEANS","Accumulated stock in oceans","2029","2029",49.843705,,
"CENTRAL_BASELINE","Baseline","ACCUMULATED_STOCK_IN_OCEANS","Accumulated stock in oceans","2030","2030",52.059216,,
"CENTRAL_BASELINE","Baseline","ACCUMULATED_STOCK_IN_OCEANS","Accumulated stock in oceans","2031","2031",54.324911,,
"CENTRAL_BASELINE","Baseline","ACCUMULATED_STOCK_IN_OCEANS","Accumulated stock in oceans","2032","2032",56.641446,,
"CENTRAL_BASELINE","Baseline","ACCUMULATED_STOCK_IN_OCEANS","Accumulated stock in oceans","2033","2033",59.009194,,
"CENTRAL_BASELINE","Baseline","ACCUMULATED_STOCK_IN_OCEANS","Accumulated stock in oceans","2034","2034",61.428753,,
"CENTRAL_BASELINE","Baseline","ACCUMULATED_STOCK_IN_OCEANS","Accumulated stock in oceans","2035","2035",63.900783,,
"CENTRAL_BASELINE","Baseline","ACCUMULATED_STOCK_IN_OCEANS","Accumulated stock in oceans","2036","2036",66.42553,,
"CENTRAL_BASELINE","Baseline","ACCUMULATED_STOCK_IN_OCEANS","Accumulated stock in oceans","2037","2037",69.003688,,
"CENTRAL_BASELINE","Baseline","ACCUMULATED_STOCK_IN_OCEANS","Accumulated stock in oceans","2038","2038",71.636605,,
"CENTRAL_BASELINE","Baseline","ACCUMULATED_STOCK_IN_OCEANS","Accumulated stock in oceans","2039","2039",74.323946,,
"CENTRAL_BASELINE","Baseline","ACCUMULATED_STOCK_IN_OCEANS","Accumulated stock in oceans","2040","2040",77.068414,,
"CENTRAL_BASELINE","Baseline","ACCUMULATED_STOCK_IN_OCEANS","Accumulated stock in oceans","2041","2041",79.86954,,
"CENTRAL_BASELINE","Baseline","ACCUMULATED_STOCK_IN_OCEANS","Accumulated stock in oceans","2042","2042",82.728583,,
"CENTRAL_BASELINE","Baseline","ACCUMULATED_STOCK_IN_OCEANS","Accumulated stock in oceans","2043","2043",85.646901,,
"CENTRAL_BASELINE","Baseline","ACCUMULATED_STOCK_IN_OCEANS","Accumulated stock in oceans","2044","2044",88.62456,,
"CENTRAL_BASELINE","Baseline","ACCUMULATED_STOCK_IN_OCEANS","Accumulated stock in oceans","2045","2045",91.662689,,
"CENTRAL_BASELINE","Baseline","ACCUMULATED_STOCK_IN_OCEANS","Accumulated stock in oceans","2046","2046",94.762136,,
"CENTRAL_BASELINE","Baseline","ACCUMULATED_STOCK_IN_OCEANS","Accumulated stock in oceans","2047","2047",97.922981,,
"CENTRAL_BASELINE","Baseline","ACCUMULATED_STOCK_IN_OCEANS","Accumulated stock in oceans","2048","2048",101.145812,,
"CENTRAL_BASELINE","Baseline","ACCUMULATED_STOCK_IN_OCEANS","Accumulated stock in oceans","2049","2049",104.431345,,
"CENTRAL_BASELINE","Baseline","ACCUMULATED_STOCK_IN_OCEANS","Accumulated stock in oceans","2050","2050",107.780715,,
"CENTRAL_BASELINE","Baseline","ACCUMULATED_STOCK_IN_OCEANS","Accumulated stock in oceans","2051","2051",111.194905,,
"CENTRAL_BASELINE","Baseline","ACCUMULATED_STOCK_IN_OCEANS","Accumulated stock in oceans","2052","2052",114.674465,,
"CENTRAL_BASELINE","Baseline","ACCUMULATED_STOCK_IN_OCEANS","Accumulated stock in oceans","2053","2053",118.21988,,
"CENTRAL_BASELINE","Baseline","ACCUMULATED_STOCK_IN_OCEANS","Accumulated stock in oceans","2054","2054",121.832555,,
"CENTRAL_BASELINE","Baseline","ACCUMULATED_STOCK_IN_OCEANS","Accumulated stock in oceans","2055","2055",125.51307,,
"CENTRAL_BASELINE","Baseline","ACCUMULATED_STOCK_IN_OCEANS","Accumulated stock in oceans","2056","2056",129.261896,,
"CENTRAL_BASELINE","Baseline","ACCUMULATED_STOCK_IN_OCEANS","Accumulated stock in oceans","2057","2057",133.080242,,
"CENTRAL_BASELINE","Baseline","ACCUMULATED_STOCK_IN_OCEANS","Accumulated stock in oceans","2058","2058",136.968731,,
"CENTRAL_BASELINE","Baseline","ACCUMULATED_STOCK_IN_OCEANS","Accumulated stock in oceans","2059","2059",140.927743,,
"CENTRAL_BASELINE","Baseline","ACCUMULATED_STOCK_IN_OCEANS","Accumulated stock in oceans","2060","2060",144.958656,,
"CENTRAL_BASELINE","Baseline","ACCUMULATED_STOCK_IN_RIVERS","Accumulated stock in rivers and lakes","2019","2019",109.437071,,
"CENTRAL_BASELINE","Baseline","ACCUMULATED_STOCK_IN_RIVERS","Accumulated stock in rivers and lakes","2020","2020",113.914945,,
"CENTRAL_BASELINE","Baseline","ACCUMULATED_STOCK_IN_RIVERS","Accumulated stock in rivers and lakes","2021","2021",118.428584,,
"CENTRAL_BASELINE","Baseline","ACCUMULATED_STOCK_IN_RIVERS","Accumulated stock in rivers and lakes","2022","2022",122.993882,,
"CENTRAL_BASELINE","Baseline","ACCUMULATED_STOCK_IN_RIVERS","Accumulated stock in rivers and lakes","2023","2023",127.597563,,
"CENTRAL_BASELINE","Baseline","ACCUMULATED_STOCK_IN_RIVERS","Accumulated stock in rivers and lakes","2024","2024",132.236169,,
"CENTRAL_BASELINE","Baseline","ACCUMULATED_STOCK_IN_RIVERS","Accumulated stock in rivers and lakes","2025","2025",136.914406,,
"CENTRAL_BASELINE","Baseline","ACCUMULATED_STOCK_IN_RIVERS","Accumulated stock in rivers and lakes","2026","2026",141.638669,,
"CENTRAL_BASELINE","Baseline","ACCUMULATED_STOCK_IN_RIVERS","Accumulated stock in rivers and lakes","2027","2027",146.412582,,
"CENTRAL_BASELINE","Baseline","ACCUMULATED_STOCK_IN_RIVERS","Accumulated stock in rivers and lakes","2028","2028",151.239987,,
"CENTRAL_BASELINE","Baseline","ACCUMULATED_STOCK_IN_RIVERS","Accumulated stock in rivers and lakes","2029","2029",156.121918,,
"CENTRAL_BASELINE","Baseline","ACCUMULATED_STOCK_IN_RIVERS","Accumulated stock in rivers and lakes","2030","2030",161.069288,,
"CENTRAL_BASELINE","Baseline","ACCUMULATED_STOCK_IN_RIVERS","Accumulated stock in rivers and lakes","2031","2031",166.080698,,
"CENTRAL_BASELINE","Baseline","ACCUMULATED_STOCK_IN_RIVERS","Accumulated stock in rivers and lakes","2032","2032",171.157079,,
"CENTRAL_BASELINE","Baseline","ACCUMULATED_STOCK_IN_RIVERS","Accumulated stock in rivers and lakes","2033","2033",176.300006,,
"CENTRAL_BASELINE","Baseline","ACCUMULATED_STOCK_IN_RIVERS","Accumulated stock in rivers and lakes","2034","2034",181.512245,,
"CENTRAL_BASELINE","Baseline","ACCUMULATED_STOCK_IN_RIVERS","Accumulated stock in rivers and lakes","2035","2035",186.794785,,
"CENTRAL_BASELINE","Baseline","ACCUMULATED_STOCK_IN_RIVERS","Accumulated stock in rivers and lakes","2036","2036",192.150298,,
"CENTRAL_BASELINE","Baseline","ACCUMULATED_STOCK_IN_RIVERS","Accumulated stock in rivers and lakes","2037","2037",197.580183,,
"CENTRAL_BASELINE","Baseline","ACCUMULATED_STOCK_IN_RIVERS","Accumulated stock in rivers and lakes","2038","2038",203.097412,,
"CENTRAL_BASELINE","Baseline","ACCUMULATED_STOCK_IN_RIVERS","Accumulated stock in rivers and lakes","2039","2039",208.703242,,
"CENTRAL_BASELINE","Baseline","ACCUMULATED_STOCK_IN_RIVERS","Accumulated stock in rivers and lakes","2040","2040",214.407563,,
"CENTRAL_BASELINE","Baseline","ACCUMULATED_STOCK_IN_RIVERS","Accumulated stock in rivers and lakes","2041","2041",220.209168,,
"CENTRAL_BASELINE","Baseline","ACCUMULATED_STOCK_IN_RIVERS","Accumulated stock in rivers and lakes","2042","2042",226.10632,,
"CENTRAL_BASELINE","Baseline","ACCUMULATED_STOCK_IN_RIVERS","Accumulated stock in rivers and lakes","2043","2043",232.099127,,
"CENTRAL_BASELINE","Baseline","ACCUMULATED_STOCK_IN_RIVERS","Accumulated stock in rivers and lakes","2044","2044",238.189447,,
"CENTRAL_BASELINE","Baseline","ACCUMULATED_STOCK_IN_RIVERS","Accumulated stock in rivers and lakes","2045","2045",244.374888,,
"CENTRAL_BASELINE","Baseline","ACCUMULATED_STOCK_IN_RIVERS","Accumulated stock in rivers and lakes","2046","2046",250.654259,,
"CENTRAL_BASELINE","Baseline","ACCUMULATED_STOCK_IN_RIVERS","Accumulated stock in rivers and lakes","2047","2047",257.024428,,
"CENTRAL_BASELINE","Baseline","ACCUMULATED_STOCK_IN_RIVERS","Accumulated stock in rivers and lakes","2048","2048",263.48452,,
"CENTRAL_BASELINE","Baseline","ACCUMULATED_STOCK_IN_RIVERS","Accumulated stock in rivers and lakes","2049","2049",270.032922,,
"CENTRAL_BASELINE","Baseline","ACCUMULATED_STOCK_IN_RIVERS","Accumulated stock in rivers and lakes","2050","2050",276.679847,,
"CENTRAL_BASELINE","Baseline","ACCUMULATED_STOCK_IN_RIVERS","Accumulated stock in rivers and lakes","2051","2051",283.42393,,
"CENTRAL_BASELINE","Baseline","ACCUMULATED_STOCK_IN_RIVERS","Accumulated stock in rivers and lakes","2052","2052",290.264084,,
"CENTRAL_BASELINE","Baseline","ACCUMULATED_STOCK_IN_RIVERS","Accumulated stock in rivers and lakes","2053","2053",297.198801,,
"CENTRAL_BASELINE","Baseline","ACCUMULATED_STOCK_IN_RIVERS","Accumulated stock in rivers and lakes","2054","2054",304.226922,,
"CENTRAL_BASELINE","Baseline","ACCUMULATED_STOCK_IN_RIVERS","Accumulated stock in rivers and lakes","2055","2055",311.352672,,
"CENTRAL_BASELINE","Baseline","ACCUMULATED_STOCK_IN_RIVERS","Accumulated stock in rivers and lakes","2056","2056",318.578813,,
"CENTRAL_BASELINE","Baseline","ACCUMULATED_STOCK_IN_RIVERS","Accumulated stock in rivers and lakes","2057","2057",325.904063,,
"CENTRAL_BASELINE","Baseline","ACCUMULATED_STOCK_IN_RIVERS","Accumulated stock in rivers and lakes","2058","2058",333.326938,,
"CENTRAL_BASELINE","Baseline","ACCUMULATED_STOCK_IN_RIVERS","Accumulated stock in rivers and lakes","2059","2059",340.845908,,
"CENTRAL_BASELINE","Baseline","ACCUMULATED_STOCK_IN_RIVERS","Accumulated stock in rivers and lakes","2060","2060",348.462219,,
"CENTRAL_BASELINE","Baseline","PLAS_LEAKAGE_FROM_MIS_W_AND_L","Plastic leakage to water from mismanaged waste and litter","2019","2019",6.09622,,
"CENTRAL_BASELINE","Baseline","PLAS_LEAKAGE_FROM_MIS_W_AND_L","Plastic leakage to water from mismanaged waste and litter","2020","2020",6.195208,,
"CENTRAL_BASELINE","Baseline","PLAS_LEAKAGE_FROM_MIS_W_AND_L","Plastic leakage to water from mismanaged waste and litter","2021","2021",6.282587,,
"CENTRAL_BASELINE","Baseline","PLAS_LEAKAGE_FROM_MIS_W_AND_L","Plastic leakage to water from mismanaged waste and litter","2022","2022",6.386267,,
"CENTRAL_BASELINE","Baseline","PLAS_LEAKAGE_FROM_MIS_W_AND_L","Plastic leakage to water from mismanaged waste and litter","2023","2023",6.474415,,
"CENTRAL_BASELINE","Baseline","PLAS_LEAKAGE_FROM_MIS_W_AND_L","Plastic leakage to water from mismanaged waste and litter","2024","2024",6.558855,,
"CENTRAL_BASELINE","Baseline","PLAS_LEAKAGE_FROM_MIS_W_AND_L","Plastic leakage to water from mismanaged waste and litter","2025","2025",6.647614,,
"CENTRAL_BASELINE","Baseline","PLAS_LEAKAGE_FROM_MIS_W_AND_L","Plastic leakage to water from mismanaged waste and litter","2026","2026",6.742396,,
"CENTRAL_BASELINE","Baseline","PLAS_LEAKAGE_FROM_MIS_W_AND_L","Plastic leakage to water from mismanaged waste and litter","2027","2027",6.841229,,
"CENTRAL_BASELINE","Baseline","PLAS_LEAKAGE_FROM_MIS_W_AND_L","Plastic leakage to water from mismanaged waste and litter","2028","2028",6.943673,,
"CENTRAL_BASELINE","Baseline","PLAS_LEAKAGE_FROM_MIS_W_AND_L","Plastic leakage to water from mismanaged waste and litter","2029","2029",7.047507,,
"CENTRAL_BASELINE","Baseline","PLAS_LEAKAGE_FROM_MIS_W_AND_L","Plastic leakage to water from mismanaged waste and litter","2030","2030",7.162639,,
"CENTRAL_BASELINE","Baseline","PLAS_LEAKAGE_FROM_MIS_W_AND_L","Plastic leakage to water from mismanaged waste and litter","2031","2031",7.277264,,
"CENTRAL_BASELINE","Baseline","PLAS_LEAKAGE_FROM_MIS_W_AND_L","Plastic leakage to water from mismanaged waste and litter","2032","2032",7.393087,,
"CENTRAL_BASELINE","Baseline","PLAS_LEAKAGE_FROM_MIS_W_AND_L","Plastic leakage to water from mismanaged waste and litter","2033","2033",7.510863,,
"CENTRAL_BASELINE","Baseline","PLAS_LEAKAGE_FROM_MIS_W_AND_L","Plastic leakage to water from mismanaged waste and litter","2034","2034",7.631502,,
"CENTRAL_BASELINE","Baseline","PLAS_LEAKAGE_FROM_MIS_W_AND_L","Plastic leakage to water from mismanaged waste and litter","2035","2035",7.754794,,
"CENTRAL_BASELINE","Baseline","PLAS_LEAKAGE_FROM_MIS_W_AND_L","Plastic leakage to water from mismanaged waste and litter","2036","2036",7.880308,,
"CENTRAL_BASELINE","Baseline","PLAS_LEAKAGE_FROM_MIS_W_AND_L","Plastic leakage to water from mismanaged waste and litter","2037","2037",8.008007,,
"CENTRAL_BASELINE","Baseline","PLAS_LEAKAGE_FROM_MIS_W_AND_L","Plastic leakage to water from mismanaged waste and litter","2038","2038",8.149871,,
"CENTRAL_BASELINE","Baseline","PLAS_LEAKAGE_FROM_MIS_W_AND_L","Plastic leakage to water from mismanaged waste and litter","2039","2039",8.293605,,
"CENTRAL_BASELINE","Baseline","PLAS_LEAKAGE_FROM_MIS_W_AND_L","Plastic leakage to water from mismanaged waste and litter","2040","2040",8.448585,,
"CENTRAL_BASELINE","Baseline","PLAS_LEAKAGE_FROM_MIS_W_AND_L","Plastic leakage to water from mismanaged waste and litter","2041","2041",8.602514,,
"CENTRAL_BASELINE","Baseline","PLAS_LEAKAGE_FROM_MIS_W_AND_L","Plastic leakage to water from mismanaged waste and litter","2042","2042",8.756422,,
"CENTRAL_BASELINE","Baseline","PLAS_LEAKAGE_FROM_MIS_W_AND_L","Plastic leakage to water from mismanaged waste and litter","2043","2043",8.911279,,
"CENTRAL_BASELINE","Baseline","PLAS_LEAKAGE_FROM_MIS_W_AND_L","Plastic leakage to water from mismanaged waste and litter","2044","2044",9.067854,,
"CENTRAL_BASELINE","Baseline","PLAS_LEAKAGE_FROM_MIS_W_AND_L","Plastic leakage to water from mismanaged waste and litter","2045","2045",9.223654,,
"CENTRAL_BASELINE","Baseline","PLAS_LEAKAGE_FROM_MIS_W_AND_L","Plastic leakage to water from mismanaged waste and litter","2046","2046",9.378397,,
"CENTRAL_BASELINE","Baseline","PLAS_LEAKAGE_FROM_MIS_W_AND_L","Plastic leakage to water from mismanaged waste and litter","2047","2047",9.531268,,
"CENTRAL_BASELINE","Baseline","PLAS_LEAKAGE_FROM_MIS_W_AND_L","Plastic leakage to water from mismanaged waste and litter","2048","2048",9.682964,,
"CENTRAL_BASELINE","Baseline","PLAS_LEAKAGE_FROM_MIS_W_AND_L","Plastic leakage to water from mismanaged waste and litter","2049","2049",9.833913,,
"CENTRAL_BASELINE","Baseline","PLAS_LEAKAGE_FROM_MIS_W_AND_L","Plastic leakage to water from mismanaged waste and litter","2050","2050",9.996292,,
"CENTRAL_BASELINE","Baseline","PLAS_LEAKAGE_FROM_MIS_W_AND_L","Plastic leakage to water from mismanaged waste and litter","2051","2051",10.158322,,
"CENTRAL_BASELINE","Baseline","PLAS_LEAKAGE_FROM_MIS_W_AND_L","Plastic leakage to water from mismanaged waste and litter","2052","2052",10.31943,,
"CENTRAL_BASELINE","Baseline","PLAS_LEAKAGE_FROM_MIS_W_AND_L","Plastic leakage to water from mismanaged waste and litter","2053","2053",10.480348,,
"CENTRAL_BASELINE","Baseline","PLAS_LEAKAGE_FROM_MIS_W_AND_L","Plastic leakage to water from mismanaged waste and litter","2054","2054",10.640948,,
"CENTRAL_BASELINE","Baseline","PLAS_LEAKAGE_FROM_MIS_W_AND_L","Plastic leakage to water from mismanaged waste and litter","2055","2055",10.806265,,
"CENTRAL_BASELINE","Baseline","PLAS_LEAKAGE_FROM_MIS_W_AND_L","Plastic leakage to water from mismanaged waste and litter","2056","2056",10.974926,,
"CENTRAL_BASELINE","Baseline","PLAS_LEAKAGE_FROM_MIS_W_AND_L","Plastic leakage to water from mismanaged waste and litter","2057","2057",11.143515,,
"CENTRAL_BASELINE","Baseline","PLAS_LEAKAGE_FROM_MIS_W_AND_L","Plastic leakage to water from mismanaged waste and litter","2058","2058",11.311243,,
"CENTRAL_BASELINE","Baseline","PLAS_LEAKAGE_FROM_MIS_W_AND_L","Plastic leakage to water from mismanaged waste and litter","2059","2059",11.478207,,
"CENTRAL_BASELINE","Baseline","PLAS_LEAKAGE_FROM_MIS_W_AND_L","Plastic leakage to water from mismanaged waste and litter","2060","2060",11.647375,,
"CENTRAL_BASELINE","Baseline","TRANSPORT_TO_OCEANS","Transport to oceans","2019","2019",1.661229,,
"CENTRAL_BASELINE","Baseline","TRANSPORT_TO_OCEANS","Transport to oceans","2020","2020",1.716954,,
"CENTRAL_BASELINE","Baseline","TRANSPORT_TO_OCEANS","Transport to oceans","2021","2021",1.769307,,
"CENTRAL_BASELINE","Baseline","TRANSPORT_TO_OCEANS","Transport to oceans","2022","2022",1.820733,,
"CENTRAL_BASELINE","Baseline","TRANSPORT_TO_OCEANS","Transport to oceans","2023","2023",1.870914,,
"CENTRAL_BASELINE","Baseline","TRANSPORT_TO_OCEANS","Transport to oceans","2024","2024",1.920189,,
"CENTRAL_BASELINE","Baseline","TRANSPORT_TO_OCEANS","Transport to oceans","2025","2025",1.969164,,
"CENTRAL_BASELINE","Baseline","TRANSPORT_TO_OCEANS","Transport to oceans","2026","2026",2.018163,,
"CENTRAL_BASELINE","Baseline","TRANSPORT_TO_OCEANS","Transport to oceans","2027","2027",2.067205,,
"CENTRAL_BASELINE","Baseline","TRANSPORT_TO_OCEANS","Transport to oceans","2028","2028",2.116358,,
"CENTRAL_BASELINE","Baseline","TRANSPORT_TO_OCEANS","Transport to oceans","2029","2029",2.165658,,
"CENTRAL_BASELINE","Baseline","TRANSPORT_TO_OCEANS","Transport to oceans","2030","2030",2.215536,,
"CENTRAL_BASELINE","Baseline","TRANSPORT_TO_OCEANS","Transport to oceans","2031","2031",2.265818,,
"CENTRAL_BASELINE","Baseline","TRANSPORT_TO_OCEANS","Transport to oceans","2032","2032",2.316518,,
"CENTRAL_BASELINE","Baseline","TRANSPORT_TO_OCEANS","Transport to oceans","2033","2033",2.367755,,
"CENTRAL_BASELINE","Baseline","TRANSPORT_TO_OCEANS","Transport to oceans","2034","2034",2.419553,,
"CENTRAL_BASELINE","Baseline","TRANSPORT_TO_OCEANS","Transport to oceans","2035","2035",2.471933,,
"CENTRAL_BASELINE","Baseline","TRANSPORT_TO_OCEANS","Transport to oceans","2036","2036",2.524842,,
"CENTRAL_BASELINE","Baseline","TRANSPORT_TO_OCEANS","Transport to oceans","2037","2037",2.578287,,
"CENTRAL_BASELINE","Baseline","TRANSPORT_TO_OCEANS","Transport to oceans","2038","2038",2.632651,,
"CENTRAL_BASELINE","Baseline","TRANSPORT_TO_OCEANS","Transport to oceans","2039","2039",2.687721,,
"CENTRAL_BASELINE","Baseline","TRANSPORT_TO_OCEANS","Transport to oceans","2040","2040",2.744053,,
"CENTRAL_BASELINE","Baseline","TRANSPORT_TO_OCEANS","Transport to oceans","2041","2041",2.801277,,
"CENTRAL_BASELINE","Baseline","TRANSPORT_TO_OCEANS","Transport to oceans","2042","2042",2.859275,,
"CENTRAL_BASELINE","Baseline","TRANSPORT_TO_OCEANS","Transport to oceans","2043","2043",2.918129,,
"CENTRAL_BASELINE","Baseline","TRANSPORT_TO_OCEANS","Transport to oceans","2044","2044",2.977768,,
"CENTRAL_BASELINE","Baseline","TRANSPORT_TO_OCEANS","Transport to oceans","2045","2045",3.038127,,
"CENTRAL_BASELINE","Baseline","TRANSPORT_TO_OCEANS","Transport to oceans","2046","2046",3.099159,,
"CENTRAL_BASELINE","Baseline","TRANSPORT_TO_OCEANS","Transport to oceans","2047","2047",3.160772,,
"CENTRAL_BASELINE","Baseline","TRANSPORT_TO_OCEANS","Transport to oceans","2048","2048",3.222921,,
"CENTRAL_BASELINE","Baseline","TRANSPORT_TO_OCEANS","Transport to oceans","2049","2049",3.285635,,
"CENTRAL_BASELINE","Baseline","TRANSPORT_TO_OCEANS","Transport to oceans","2050","2050",3.349415,,
"CENTRAL_BASELINE","Baseline","TRANSPORT_TO_OCEANS","Transport to oceans","2051","2051",3.414078,,
"CENTRAL_BASELINE","Baseline","TRANSPORT_TO_OCEANS","Transport to oceans","2052","2052",3.479498,,
"CENTRAL_BASELINE","Baseline","TRANSPORT_TO_OCEANS","Transport to oceans","2053","2053",3.545697,,
"CENTRAL_BASELINE","Baseline","TRANSPORT_TO_OCEANS","Transport to oceans","2054","2054",3.612629,,
"CENTRAL_BASELINE","Baseline","TRANSPORT_TO_OCEANS","Transport to oceans","2055","2055",3.68037,,
"CENTRAL_BASELINE","Baseline","TRANSPORT_TO_OCEANS","Transport to oceans","2056","2056",3.74897,,
"CENTRAL_BASELINE","Baseline","TRANSPORT_TO_OCEANS","Transport to oceans","2057","2057",3.818357,,
"CENTRAL_BASELINE","Baseline","TRANSPORT_TO_OCEANS","Transport to oceans","2058","2058",3.888434,,
"CENTRAL_BASELINE","Baseline","TRANSPORT_TO_OCEANS","Transport to oceans","2059","2059",3.959176,,
"CENTRAL_BASELINE","Baseline","TRANSPORT_TO_OCEANS","Transport to oceans","2060","2060",4.030717,,
"OBOV-FULL","Global Ambition policy scenario","ACCUMULATED_STOCK_IN_OCEANS","Accumulated stock in oceans","2019","2019",30.408611,,
"OBOV-FULL","Global Ambition policy scenario","ACCUMULATED_STOCK_IN_OCEANS","Accumulated stock in oceans","2020","2020",32.123541,,
"OBOV-FULL","Global Ambition policy scenario","ACCUMULATED_STOCK_IN_OCEANS","Accumulated stock in oceans","2021","2021",33.886957,,
"OBOV-FULL","Global Ambition policy scenario","ACCUMULATED_STOCK_IN_OCEANS","Accumulated stock in oceans","2022","2022",35.690074,,
"OBOV-FULL","Global Ambition policy scenario","ACCUMULATED_STOCK_IN_OCEANS","Accumulated stock in oceans","2023","2023",37.524054,,
"OBOV-FULL","Global Ambition policy scenario","ACCUMULATED_STOCK_IN_OCEANS","Accumulated stock in oceans","2024","2024",39.383175,,
"OBOV-FULL","Global Ambition policy scenario","ACCUMULATED_STOCK_IN_OCEANS","Accumulated stock in oceans","2025","2025",41.262884,,
"OBOV-FULL","Global Ambition policy scenario","ACCUMULATED_STOCK_IN_OCEANS","Accumulated stock in oceans","2026","2026",43.157955,,
"OBOV-FULL","Global Ambition policy scenario","ACCUMULATED_STOCK_IN_OCEANS","Accumulated stock in oceans","2027","2027",45.064107,,
"OBOV-FULL","Global Ambition policy scenario","ACCUMULATED_STOCK_IN_OCEANS","Accumulated stock in oceans","2028","2028",46.977967,,
"OBOV-FULL","Global Ambition policy scenario","ACCUMULATED_STOCK_IN_OCEANS","Accumulated stock in oceans","2029","2029",48.896883,,
"OBOV-FULL","Global Ambition policy scenario","ACCUMULATED_STOCK_IN_OCEANS","Accumulated stock in oceans","2030","2030",50.818206,,
"OBOV-FULL","Global Ambition policy scenario","ACCUMULATED_STOCK_IN_OCEANS","Accumulated stock in oceans","2031","2031",52.742671,,
"OBOV-FULL","Global Ambition policy scenario","ACCUMULATED_STOCK_IN_OCEANS","Accumulated stock in oceans","2032","2032",54.669486,,
"OBOV-FULL","Global Ambition policy scenario","ACCUMULATED_STOCK_IN_OCEANS","Accumulated stock in oceans","2033","2033",56.596512,,
"OBOV-FULL","Global Ambition policy scenario","ACCUMULATED_STOCK_IN_OCEANS","Accumulated stock in oceans","2034","2034",58.523776,,
"OBOV-FULL","Global Ambition policy scenario","ACCUMULATED_STOCK_IN_OCEANS","Accumulated stock in oceans","2035","2035",60.449893,,
"OBOV-FULL","Global Ambition policy scenario","ACCUMULATED_STOCK_IN_OCEANS","Accumulated stock in oceans","2036","2036",62.374436,,
"OBOV-FULL","Global Ambition policy scenario","ACCUMULATED_STOCK_IN_OCEANS","Accumulated stock in oceans","2037","2037",64.295227,,
"OBOV-FULL","Global Ambition policy scenario","ACCUMULATED_STOCK_IN_OCEANS","Accumulated stock in oceans","2038","2038",66.212017,,
"OBOV-FULL","Global Ambition policy scenario","ACCUMULATED_STOCK_IN_OCEANS","Accumulated stock in oceans","2039","2039",68.122748,,
"OBOV-FULL","Global Ambition policy scenario","ACCUMULATED_STOCK_IN_OCEANS","Accumulated stock in oceans","2040","2040",70.025998,,
"OBOV-FULL","Global Ambition policy scenario","ACCUMULATED_STOCK_IN_OCEANS","Accumulated stock in oceans","2041","2041",71.920639,,
"OBOV-FULL","Global Ambition policy scenario","ACCUMULATED_STOCK_IN_OCEANS","Accumulated stock in oceans","2042","2042",73.805588,,
"OBOV-FULL","Global Ambition policy scenario","ACCUMULATED_STOCK_IN_OCEANS","Accumulated stock in oceans","2043","2043",75.679384,,
"OBOV-FULL","Global Ambition policy scenario","ACCUMULATED_STOCK_IN_OCEANS","Accumulated stock in oceans","2044","2044",77.540696,,
"OBOV-FULL","Global Ambition policy scenario","ACCUMULATED_STOCK_IN_OCEANS","Accumulated stock in oceans","2045","2045",79.387305,,
"OBOV-FULL","Global Ambition policy scenario","ACCUMULATED_STOCK_IN_OCEANS","Accumulated stock in oceans","2046","2046",81.217826,,
"OBOV-FULL","Global Ambition policy scenario","ACCUMULATED_STOCK_IN_OCEANS","Accumulated stock in oceans","2047","2047",83.030276,,
"OBOV-FULL","Global Ambition policy scenario","ACCUMULATED_STOCK_IN_OCEANS","Accumulated stock in oceans","2048","2048",84.822278,,
"OBOV-FULL","Global Ambition policy scenario","ACCUMULATED_STOCK_IN_OCEANS","Accumulated stock in oceans","2049","2049",86.591552,,
"OBOV-FULL","Global Ambition policy scenario","ACCUMULATED_STOCK_IN_OCEANS","Accumulated stock in oceans","2050","2050",88.332529,,
"OBOV-FULL","Global Ambition policy scenario","ACCUMULATED_STOCK_IN_OCEANS","Accumulated stock in oceans","2051","2051",90.041895,,
"OBOV-FULL","Global Ambition policy scenario","ACCUMULATED_STOCK_IN_OCEANS","Accumulated stock in oceans","2052","2052",91.714631,,
"OBOV-FULL","Global Ambition policy scenario","ACCUMULATED_STOCK_IN_OCEANS","Accumulated stock in oceans","2053","2053",93.347568,,
"OBOV-FULL","Global Ambition policy scenario","ACCUMULATED_STOCK_IN_OCEANS","Accumulated stock in oceans","2054","2054",94.935128,,
"OBOV-FULL","Global Ambition policy scenario","ACCUMULATED_STOCK_IN_OCEANS","Accumulated stock in oceans","2055","2055",96.472709,,
"OBOV-FULL","Global Ambition policy scenario","ACCUMULATED_STOCK_IN_OCEANS","Accumulated stock in oceans","2056","2056",97.954408,,
"OBOV-FULL","Global Ambition policy scenario","ACCUMULATED_STOCK_IN_OCEANS","Accumulated stock in oceans","2057","2057",99.375554,,
"OBOV-FULL","Global Ambition policy scenario","ACCUMULATED_STOCK_IN_OCEANS","Accumulated stock in oceans","2058","2058",100.730111,,
"OBOV-FULL","Global Ambition policy scenario","ACCUMULATED_STOCK_IN_OCEANS","Accumulated stock in oceans","2059","2059",102.012558,,
"OBOV-FULL","Global Ambition policy scenario","ACCUMULATED_STOCK_IN_OCEANS","Accumulated stock in oceans","2060","2060",103.216983,,
"OBOV-FULL","Global Ambition policy scenario","ACCUMULATED_STOCK_IN_RIVERS","Accumulated stock in rivers and lakes","2019","2019",109.438783,,
"OBOV-FULL","Global Ambition policy scenario","ACCUMULATED_STOCK_IN_RIVERS","Accumulated stock in rivers and lakes","2020","2020",113.868696,,
"OBOV-FULL","Global Ambition policy scenario","ACCUMULATED_STOCK_IN_RIVERS","Accumulated stock in rivers and lakes","2021","2021",118.277766,,
"OBOV-FULL","Global Ambition policy scenario","ACCUMULATED_STOCK_IN_RIVERS","Accumulated stock in rivers and lakes","2022","2022",122.559087,,
"OBOV-FULL","Global Ambition policy scenario","ACCUMULATED_STOCK_IN_RIVERS","Accumulated stock in rivers and lakes","2023","2023",126.633536,,
"OBOV-FULL","Global Ambition policy scenario","ACCUMULATED_STOCK_IN_RIVERS","Accumulated stock in rivers and lakes","2024","2024",130.560849,,
"OBOV-FULL","Global Ambition policy scenario","ACCUMULATED_STOCK_IN_RIVERS","Accumulated stock in rivers and lakes","2025","2025",134.343947,,
"OBOV-FULL","Global Ambition policy scenario","ACCUMULATED_STOCK_IN_RIVERS","Accumulated stock in rivers and lakes","2026","2026",137.984558,,
"OBOV-FULL","Global Ambition policy scenario","ACCUMULATED_STOCK_IN_RIVERS","Accumulated stock in rivers and lakes","2027","2027",141.47754,,
"OBOV-FULL","Global Ambition policy scenario","ACCUMULATED_STOCK_IN_RIVERS","Accumulated stock in rivers and lakes","2028","2028",144.824182,,
"OBOV-FULL","Global Ambition policy scenario","ACCUMULATED_STOCK_IN_RIVERS","Accumulated stock in rivers and lakes","2029","2029",148.028631,,
"OBOV-FULL","Global Ambition policy scenario","ACCUMULATED_STOCK_IN_RIVERS","Accumulated stock in rivers and lakes","2030","2030",151.10301,,
"OBOV-FULL","Global Ambition policy scenario","ACCUMULATED_STOCK_IN_RIVERS","Accumulated stock in rivers and lakes","2031","2031",154.121244,,
"OBOV-FULL","Global Ambition policy scenario","ACCUMULATED_STOCK_IN_RIVERS","Accumulated stock in rivers and lakes","2032","2032",157.051514,,
"OBOV-FULL","Global Ambition policy scenario","ACCUMULATED_STOCK_IN_RIVERS","Accumulated stock in rivers and lakes","2033","2033",159.893694,,
"OBOV-FULL","Global Ambition policy scenario","ACCUMULATED_STOCK_IN_RIVERS","Accumulated stock in rivers and lakes","2034","2034",162.656742,,
"OBOV-FULL","Global Ambition policy scenario","ACCUMULATED_STOCK_IN_RIVERS","Accumulated stock in rivers and lakes","2035","2035",165.344331,,
"OBOV-FULL","Global Ambition policy scenario","ACCUMULATED_STOCK_IN_RIVERS","Accumulated stock in rivers and lakes","2036","2036",167.958805,,
"OBOV-FULL","Global Ambition policy scenario","ACCUMULATED_STOCK_IN_RIVERS","Accumulated stock in rivers and lakes","2037","2037",170.49913,,
"OBOV-FULL","Global Ambition policy scenario","ACCUMULATED_STOCK_IN_RIVERS","Accumulated stock in rivers and lakes","2038","2038",172.970286,,
"OBOV-FULL","Global Ambition policy scenario","ACCUMULATED_STOCK_IN_RIVERS","Accumulated stock in rivers and lakes","2039","2039",175.371261,,
"OBOV-FULL","Global Ambition policy scenario","ACCUMULATED_STOCK_IN_RIVERS","Accumulated stock in rivers and lakes","2040","2040",177.689857,,
"OBOV-FULL","Global Ambition policy scenario","ACCUMULATED_STOCK_IN_RIVERS","Accumulated stock in rivers and lakes","2041","2041",179.930569,,
"OBOV-FULL","Global Ambition policy scenario","ACCUMULATED_STOCK_IN_RIVERS","Accumulated stock in rivers and lakes","2042","2042",182.092087,,
"OBOV-FULL","Global Ambition policy scenario","ACCUMULATED_STOCK_IN_RIVERS","Accumulated stock in rivers and lakes","2043","2043",184.173109,,
"OBOV-FULL","Global Ambition policy scenario","ACCUMULATED_STOCK_IN_RIVERS","Accumulated stock in rivers and lakes","2044","2044",186.170124,,
"OBOV-FULL","Global Ambition policy scenario","ACCUMULATED_STOCK_IN_RIVERS","Accumulated stock in rivers and lakes","2045","2045",188.075344,,
"OBOV-FULL","Global Ambition policy scenario","ACCUMULATED_STOCK_IN_RIVERS","Accumulated stock in rivers and lakes","2046","2046",189.884726,,
"OBOV-FULL","Global Ambition policy scenario","ACCUMULATED_STOCK_IN_RIVERS","Accumulated stock in rivers and lakes","2047","2047",191.590077,,
"OBOV-FULL","Global Ambition policy scenario","ACCUMULATED_STOCK_IN_RIVERS","Accumulated stock in rivers and lakes","2048","2048",193.181291,,
"OBOV-FULL","Global Ambition policy scenario","ACCUMULATED_STOCK_IN_RIVERS","Accumulated stock in rivers and lakes","2049","2049",194.647609,,
"OBOV-FULL","Global Ambition policy scenario","ACCUMULATED_STOCK_IN_RIVERS","Accumulated stock in rivers and lakes","2050","2050",195.938374,,
"OBOV-FULL","Global Ambition policy scenario","ACCUMULATED_STOCK_IN_RIVERS","Accumulated stock in rivers and lakes","2051","2051",197.045608,,
"OBOV-FULL","Global Ambition policy scenario","ACCUMULATED_STOCK_IN_RIVERS","Accumulated stock in rivers and lakes","2052","2052",197.955641,,
"OBOV-FULL","Global Ambition policy scenario","ACCUMULATED_STOCK_IN_RIVERS","Accumulated stock in rivers and lakes","2053","2053",198.652615,,
"OBOV-FULL","Global Ambition policy scenario","ACCUMULATED_STOCK_IN_RIVERS","Accumulated stock in rivers and lakes","2054","2054",199.116896,,
"OBOV-FULL","Global Ambition policy scenario","ACCUMULATED_STOCK_IN_RIVERS","Accumulated stock in rivers and lakes","2055","2055",199.327494,,
"OBOV-FULL","Global Ambition policy scenario","ACCUMULATED_STOCK_IN_RIVERS","Accumulated stock in rivers and lakes","2056","2056",199.256719,,
"OBOV-FULL","Global Ambition policy scenario","ACCUMULATED_STOCK_IN_RIVERS","Accumulated stock in rivers and lakes","2057","2057",198.947242,,
"OBOV-FULL","Global Ambition policy scenario","ACCUMULATED_STOCK_IN_RIVERS","Accumulated stock in rivers and lakes","2058","2058",198.403065,,
"OBOV-FULL","Global Ambition policy scenario","ACCUMULATED_STOCK_IN_RIVERS","Accumulated stock in rivers and lakes","2059","2059",197.616071,,
"OBOV-FULL","Global Ambition policy scenario","ACCUMULATED_STOCK_IN_RIVERS","Accumulated stock in rivers and lakes","2060","2060",196.617355,,
"OBOV-FULL","Global Ambition policy scenario","PLAS_LEAKAGE_FROM_MIS_W_AND_L","Plastic leakage to water from mismanaged waste and litter","2019","2019",6.096337,,
"OBOV-FULL","Global Ambition policy scenario","PLAS_LEAKAGE_FROM_MIS_W_AND_L","Plastic leakage to water from mismanaged waste and litter","2020","2020",6.145058,,
"OBOV-FULL","Global Ambition policy scenario","PLAS_LEAKAGE_FROM_MIS_W_AND_L","Plastic leakage to water from mismanaged waste and litter","2021","2021",6.172411,,
"OBOV-FULL","Global Ambition policy scenario","PLAS_LEAKAGE_FROM_MIS_W_AND_L","Plastic leakage to water from mismanaged waste and litter","2022","2022",6.084345,,
"OBOV-FULL","Global Ambition policy scenario","PLAS_LEAKAGE_FROM_MIS_W_AND_L","Plastic leakage to water from mismanaged waste and litter","2023","2023",5.908493,,
"OBOV-FULL","Global Ambition policy scenario","PLAS_LEAKAGE_FROM_MIS_W_AND_L","Plastic leakage to water from mismanaged waste and litter","2024","2024",5.786724,,
"OBOV-FULL","Global Ambition policy scenario","PLAS_LEAKAGE_FROM_MIS_W_AND_L","Plastic leakage to water from mismanaged waste and litter","2025","2025",5.662627,,
"OBOV-FULL","Global Ambition policy scenario","PLAS_LEAKAGE_FROM_MIS_W_AND_L","Plastic leakage to water from mismanaged waste and litter","2026","2026",5.535384,,
"OBOV-FULL","Global Ambition policy scenario","PLAS_LEAKAGE_FROM_MIS_W_AND_L","Plastic leakage to water from mismanaged waste and litter","2027","2027",5.399677,,
"OBOV-FULL","Global Ambition policy scenario","PLAS_LEAKAGE_FROM_MIS_W_AND_L","Plastic leakage to water from mismanaged waste and litter","2028","2028",5.260221,,
"OBOV-FULL","Global Ambition policy scenario","PLAS_LEAKAGE_FROM_MIS_W_AND_L","Plastic leakage to water from mismanaged waste and litter","2029","2029",5.123396,,
"OBOV-FULL","Global Ambition policy scenario","PLAS_LEAKAGE_FROM_MIS_W_AND_L","Plastic leakage to water from mismanaged waste and litter","2030","2030",4.995392,,
"OBOV-FULL","Global Ambition policy scenario","PLAS_LEAKAGE_FROM_MIS_W_AND_L","Plastic leakage to water from mismanaged waste and litter","2031","2031",4.942844,,
"OBOV-FULL","Global Ambition policy scenario","PLAS_LEAKAGE_FROM_MIS_W_AND_L","Plastic leakage to water from mismanaged waste and litter","2032","2032",4.856869,,
"OBOV-FULL","Global Ambition policy scenario","PLAS_LEAKAGE_FROM_MIS_W_AND_L","Plastic leakage to water from mismanaged waste and litter","2033","2033",4.769889,,
"OBOV-FULL","Global Ambition policy scenario","PLAS_LEAKAGE_FROM_MIS_W_AND_L","Plastic leakage to water from mismanaged waste and litter","2034","2034",4.690038,,
"OBOV-FULL","Global Ambition policy scenario","PLAS_LEAKAGE_FROM_MIS_W_AND_L","Plastic leakage to water from mismanaged waste and litter","2035","2035",4.613765,,
"OBOV-FULL","Global Ambition policy scenario","PLAS_LEAKAGE_FROM_MIS_W_AND_L","Plastic leakage to water from mismanaged waste and litter","2036","2036",4.538958,,
"OBOV-FULL","Global Ambition policy scenario","PLAS_LEAKAGE_FROM_MIS_W_AND_L","Plastic leakage to water from mismanaged waste and litter","2037","2037",4.461449,,
"OBOV-FULL","Global Ambition policy scenario","PLAS_LEAKAGE_FROM_MIS_W_AND_L","Plastic leakage to water from mismanaged waste and litter","2038","2038",4.387387,,
"OBOV-FULL","Global Ambition policy scenario","PLAS_LEAKAGE_FROM_MIS_W_AND_L","Plastic leakage to water from mismanaged waste and litter","2039","2039",4.312073,,
"OBOV-FULL","Global Ambition policy scenario","PLAS_LEAKAGE_FROM_MIS_W_AND_L","Plastic leakage to water from mismanaged waste and litter","2040","2040",4.221804,,
"OBOV-FULL","Global Ambition policy scenario","PLAS_LEAKAGE_FROM_MIS_W_AND_L","Plastic leakage to water from mismanaged waste and litter","2041","2041",4.135259,,
"OBOV-FULL","Global Ambition policy scenario","PLAS_LEAKAGE_FROM_MIS_W_AND_L","Plastic leakage to water from mismanaged waste and litter","2042","2042",4.046325,,
"OBOV-FULL","Global Ambition policy scenario","PLAS_LEAKAGE_FROM_MIS_W_AND_L","Plastic leakage to water from mismanaged waste and litter","2043","2043",3.955051,,
"OBOV-FULL","Global Ambition policy scenario","PLAS_LEAKAGE_FROM_MIS_W_AND_L","Plastic leakage to water from mismanaged waste and litter","2044","2044",3.857915,,
"OBOV-FULL","Global Ambition policy scenario","PLAS_LEAKAGE_FROM_MIS_W_AND_L","Plastic leakage to water from mismanaged waste and litter","2045","2045",3.752136,,
"OBOV-FULL","Global Ambition policy scenario","PLAS_LEAKAGE_FROM_MIS_W_AND_L","Plastic leakage to water from mismanaged waste and litter","2046","2046",3.63969,,
"OBOV-FULL","Global Ambition policy scenario","PLAS_LEAKAGE_FROM_MIS_W_AND_L","Plastic leakage to water from mismanaged waste and litter","2047","2047",3.517786,,
"OBOV-FULL","Global Ambition policy scenario","PLAS_LEAKAGE_FROM_MIS_W_AND_L","Plastic leakage to water from mismanaged waste and litter","2048","2048",3.38335,,
"OBOV-FULL","Global Ambition policy scenario","PLAS_LEAKAGE_FROM_MIS_W_AND_L","Plastic leakage to water from mismanaged waste and litter","2049","2049",3.235676,,
"OBOV-FULL","Global Ambition policy scenario","PLAS_LEAKAGE_FROM_MIS_W_AND_L","Plastic leakage to water from mismanaged waste and litter","2050","2050",3.031833,,
"OBOV-FULL","Global Ambition policy scenario","PLAS_LEAKAGE_FROM_MIS_W_AND_L","Plastic leakage to water from mismanaged waste and litter","2051","2051",2.816479,,
"OBOV-FULL","Global Ambition policy scenario","PLAS_LEAKAGE_FROM_MIS_W_AND_L","Plastic leakage to water from mismanaged waste and litter","2052","2052",2.583207,,
"OBOV-FULL","Global Ambition policy scenario","PLAS_LEAKAGE_FROM_MIS_W_AND_L","Plastic leakage to water from mismanaged waste and litter","2053","2053",2.329399,,
"OBOV-FULL","Global Ambition policy scenario","PLAS_LEAKAGE_FROM_MIS_W_AND_L","Plastic leakage to water from mismanaged waste and litter","2054","2054",2.052212,,
"OBOV-FULL","Global Ambition policy scenario","PLAS_LEAKAGE_FROM_MIS_W_AND_L","Plastic leakage to water from mismanaged waste and litter","2055","2055",1.747708,,
"OBOV-FULL","Global Ambition policy scenario","PLAS_LEAKAGE_FROM_MIS_W_AND_L","Plastic leakage to water from mismanaged waste and litter","2056","2056",1.411212,,
"OBOV-FULL","Global Ambition policy scenario","PLAS_LEAKAGE_FROM_MIS_W_AND_L","Plastic leakage to water from mismanaged waste and litter","2057","2057",1.111624,,
"OBOV-FULL","Global Ambition policy scenario","PLAS_LEAKAGE_FROM_MIS_W_AND_L","Plastic leakage to water from mismanaged waste and litter","2058","2058",0.81069,,
"OBOV-FULL","Global Ambition policy scenario","PLAS_LEAKAGE_FROM_MIS_W_AND_L","Plastic leakage to water from mismanaged waste and litter","2059","2059",0.495132,,
"OBOV-FULL","Global Ambition policy scenario","PLAS_LEAKAGE_FROM_MIS_W_AND_L","Plastic leakage to water from mismanaged waste and litter","2060","2060",0.205821,,
"OBOV-FULL","Global Ambition policy scenario","TRANSPORT_TO_OCEANS","Transport to oceans","2019","2019",1.66125,,
"OBOV-FULL","Global Ambition policy scenario","TRANSPORT_TO_OCEANS","Transport to oceans","2020","2020",1.715,,
"OBOV-FULL","Global Ambition policy scenario","TRANSPORT_TO_OCEANS","Transport to oceans","2021","2021",1.763383,,
"OBOV-FULL","Global Ambition policy scenario","TRANSPORT_TO_OCEANS","Transport to oceans","2022","2022",1.80323,,
"OBOV-FULL","Global Ambition policy scenario","TRANSPORT_TO_OCEANS","Transport to oceans","2023","2023",1.83383,,
"OBOV-FULL","Global Ambition policy scenario","TRANSPORT_TO_OCEANS","Transport to oceans","2024","2024",1.859253,,
"OBOV-FULL","Global Ambition policy scenario","TRANSPORT_TO_OCEANS","Transport to oceans","2025","2025",1.879494,,
"OBOV-FULL","Global Ambition policy scenario","TRANSPORT_TO_OCEANS","Transport to oceans","2026","2026",1.895192,,
"OBOV-FULL","Global Ambition policy scenario","TRANSPORT_TO_OCEANS","Transport to oceans","2027","2027",1.906309,,
"OBOV-FULL","Global Ambition policy scenario","TRANSPORT_TO_OCEANS","Transport to oceans","2028","2028",1.913863,,
"OBOV-FULL","Global Ambition policy scenario","TRANSPORT_TO_OCEANS","Transport to oceans","2029","2029",1.918888,,
"OBOV-FULL","Global Ambition policy scenario","TRANSPORT_TO_OCEANS","Transport to oceans","2030","2030",1.921106,,
"OBOV-FULL","Global Ambition policy scenario","TRANSPORT_TO_OCEANS","Transport to oceans","2031","2031",1.92465,,
"OBOV-FULL","Global Ambition policy scenario","TRANSPORT_TO_OCEANS","Transport to oceans","2032","2032",1.926553,,
"OBOV-FULL","Global Ambition policy scenario","TRANSPORT_TO_OCEANS","Transport to oceans","2033","2033",1.927269,,
"OBOV-FULL","Global Ambition policy scenario","TRANSPORT_TO_OCEANS","Transport to oceans","2034","2034",1.927097,,
"OBOV-FULL","Global Ambition policy scenario","TRANSPORT_TO_OCEANS","Transport to oceans","2035","2035",1.926259,,
"OBOV-FULL","Global Ambition policy scenario","TRANSPORT_TO_OCEANS","Transport to oceans","2036","2036",1.9244,,
"OBOV-FULL","Global Ambition policy scenario","TRANSPORT_TO_OCEANS","Transport to oceans","2037","2037",1.921101,,
"OBOV-FULL","Global Ambition policy scenario","TRANSPORT_TO_OCEANS","Transport to oceans","2038","2038",1.916539,,
"OBOV-FULL","Global Ambition policy scenario","TRANSPORT_TO_OCEANS","Transport to oceans","2039","2039",1.91084,,
"OBOV-FULL","Global Ambition policy scenario","TRANSPORT_TO_OCEANS","Transport to oceans","2040","2040",1.903246,,
"OBOV-FULL","Global Ambition policy scenario","TRANSPORT_TO_OCEANS","Transport to oceans","2041","2041",1.894686,,
"OBOV-FULL","Global Ambition policy scenario","TRANSPORT_TO_OCEANS","Transport to oceans","2042","2042",1.884896,,
"OBOV-FULL","Global Ambition policy scenario","TRANSPORT_TO_OCEANS","Transport to oceans","2043","2043",1.873758,,
"OBOV-FULL","Global Ambition policy scenario","TRANSPORT_TO_OCEANS","Transport to oceans","2044","2044",1.861132,,
"OBOV-FULL","Global Ambition policy scenario","TRANSPORT_TO_OCEANS","Transport to oceans","2045","2045",1.84674,,
"OBOV-FULL","Global Ambition policy scenario","TRANSPORT_TO_OCEANS","Transport to oceans","2046","2046",1.83058,,
"OBOV-FULL","Global Ambition policy scenario","TRANSPORT_TO_OCEANS","Transport to oceans","2047","2047",1.812417,,
"OBOV-FULL","Global Ambition policy scenario","TRANSPORT_TO_OCEANS","Transport to oceans","2048","2048",1.792047,,
"OBOV-FULL","Global Ambition policy scenario","TRANSPORT_TO_OCEANS","Transport to oceans","2049","2049",1.769318,,
"OBOV-FULL","Global Ambition policy scenario","TRANSPORT_TO_OCEANS","Transport to oceans","2050","2050",1.74105,,
"OBOV-FULL","Global Ambition policy scenario","TRANSPORT_TO_OCEANS","Transport to oceans","2051","2051",1.709089,,
"OBOV-FULL","Global Ambition policy scenario","TRANSPORT_TO_OCEANS","Transport to oceans","2052","2052",1.673083,,
"OBOV-FULL","Global Ambition policy scenario","TRANSPORT_TO_OCEANS","Transport to oceans","2053","2053",1.632688,,
"OBOV-FULL","Global Ambition policy scenario","TRANSPORT_TO_OCEANS","Transport to oceans","2054","2054",1.587635,,
"OBOV-FULL","Global Ambition policy scenario","TRANSPORT_TO_OCEANS","Transport to oceans","2055","2055",1.537515,,
"OBOV-FULL","Global Ambition policy scenario","TRANSPORT_TO_OCEANS","Transport to oceans","2056","2056",1.481706,,
"OBOV-FULL","Global Ambition policy scenario","TRANSPORT_TO_OCEANS","Transport to oceans","2057","2057",1.421121,,
"OBOV-FULL","Global Ambition policy scenario","TRANSPORT_TO_OCEANS","Transport to oceans","2058","2058",1.35485,,
"OBOV-FULL","Global Ambition policy scenario","TRANSPORT_TO_OCEANS","Transport to oceans","2059","2059",1.282145,,
"OBOV-FULL","Global Ambition policy scenario","TRANSPORT_TO_OCEANS","Transport to oceans","2060","2060",1.20446,,
"MODERATE-FULL","Regional Action policy scenario","ACCUMULATED_STOCK_IN_OCEANS","Accumulated stock in oceans","2019","2019",30.408611,,
"MODERATE-FULL","Regional Action policy scenario","ACCUMULATED_STOCK_IN_OCEANS","Accumulated stock in oceans","2020","2020",32.12526,,
"MODERATE-FULL","Regional Action policy scenario","ACCUMULATED_STOCK_IN_OCEANS","Accumulated stock in oceans","2021","2021",33.892861,,
"MODERATE-FULL","Regional Action policy scenario","ACCUMULATED_STOCK_IN_OCEANS","Accumulated stock in oceans","2022","2022",35.706143,,
"MODERATE-FULL","Regional Action policy scenario","ACCUMULATED_STOCK_IN_OCEANS","Accumulated stock in oceans","2023","2023",37.560752,,
"MODERATE-FULL","Regional Action policy scenario","ACCUMULATED_STOCK_IN_OCEANS","Accumulated stock in oceans","2024","2024",39.454211,,
"MODERATE-FULL","Regional Action policy scenario","ACCUMULATED_STOCK_IN_OCEANS","Accumulated stock in oceans","2025","2025",41.384444,,
"MODERATE-FULL","Regional Action policy scenario","ACCUMULATED_STOCK_IN_OCEANS","Accumulated stock in oceans","2026","2026",43.349298,,
"MODERATE-FULL","Regional Action policy scenario","ACCUMULATED_STOCK_IN_OCEANS","Accumulated stock in oceans","2027","2027",45.347226,,
"MODERATE-FULL","Regional Action policy scenario","ACCUMULATED_STOCK_IN_OCEANS","Accumulated stock in oceans","2028","2028",47.376599,,
"MODERATE-FULL","Regional Action policy scenario","ACCUMULATED_STOCK_IN_OCEANS","Accumulated stock in oceans","2029","2029",49.436739,,
"MODERATE-FULL","Regional Action policy scenario","ACCUMULATED_STOCK_IN_OCEANS","Accumulated stock in oceans","2030","2030",51.526972,,
"MODERATE-FULL","Regional Action policy scenario","ACCUMULATED_STOCK_IN_OCEANS","Accumulated stock in oceans","2031","2031",53.647503,,
"MODERATE-FULL","Regional Action policy scenario","ACCUMULATED_STOCK_IN_OCEANS","Accumulated stock in oceans","2032","2032",55.7969,,
"MODERATE-FULL","Regional Action policy scenario","ACCUMULATED_STOCK_IN_OCEANS","Accumulated stock in oceans","2033","2033",57.975063,,
"MODERATE-FULL","Regional Action policy scenario","ACCUMULATED_STOCK_IN_OCEANS","Accumulated stock in oceans","2034","2034",60.180808,,
"MODERATE-FULL","Regional Action policy scenario","ACCUMULATED_STOCK_IN_OCEANS","Accumulated stock in oceans","2035","2035",62.414467,,
"MODERATE-FULL","Regional Action policy scenario","ACCUMULATED_STOCK_IN_OCEANS","Accumulated stock in oceans","2036","2036",64.674169,,
"MODERATE-FULL","Regional Action policy scenario","ACCUMULATED_STOCK_IN_OCEANS","Accumulated stock in oceans","2037","2037",66.959404,,
"MODERATE-FULL","Regional Action policy scenario","ACCUMULATED_STOCK_IN_OCEANS","Accumulated stock in oceans","2038","2038",69.268465,,
"MODERATE-FULL","Regional Action policy scenario","ACCUMULATED_STOCK_IN_OCEANS","Accumulated stock in oceans","2039","2039",71.601218,,
"MODERATE-FULL","Regional Action policy scenario","ACCUMULATED_STOCK_IN_OCEANS","Accumulated stock in oceans","2040","2040",73.95567,,
"MODERATE-FULL","Regional Action policy scenario","ACCUMULATED_STOCK_IN_OCEANS","Accumulated stock in oceans","2041","2041",76.331398,,
"MODERATE-FULL","Regional Action policy scenario","ACCUMULATED_STOCK_IN_OCEANS","Accumulated stock in oceans","2042","2042",78.727346,,
"MODERATE-FULL","Regional Action policy scenario","ACCUMULATED_STOCK_IN_OCEANS","Accumulated stock in oceans","2043","2043",81.142674,,
"MODERATE-FULL","Regional Action policy scenario","ACCUMULATED_STOCK_IN_OCEANS","Accumulated stock in oceans","2044","2044",83.57657,,
"MODERATE-FULL","Regional Action policy scenario","ACCUMULATED_STOCK_IN_OCEANS","Accumulated stock in oceans","2045","2045",86.026973,,
"MODERATE-FULL","Regional Action policy scenario","ACCUMULATED_STOCK_IN_OCEANS","Accumulated stock in oceans","2046","2046",88.492801,,
"MODERATE-FULL","Regional Action policy scenario","ACCUMULATED_STOCK_IN_OCEANS","Accumulated stock in oceans","2047","2047",90.972185,,
"MODERATE-FULL","Regional Action policy scenario","ACCUMULATED_STOCK_IN_OCEANS","Accumulated stock in oceans","2048","2048",93.463591,,
"MODERATE-FULL","Regional Action policy scenario","ACCUMULATED_STOCK_IN_OCEANS","Accumulated stock in oceans","2049","2049",95.964641,,
"MODERATE-FULL","Regional Action policy scenario","ACCUMULATED_STOCK_IN_OCEANS","Accumulated stock in oceans","2050","2050",98.471326,,
"MODERATE-FULL","Regional Action policy scenario","ACCUMULATED_STOCK_IN_OCEANS","Accumulated stock in oceans","2051","2051",100.980719,,
"MODERATE-FULL","Regional Action policy scenario","ACCUMULATED_STOCK_IN_OCEANS","Accumulated stock in oceans","2052","2052",103.490456,,
"MODERATE-FULL","Regional Action policy scenario","ACCUMULATED_STOCK_IN_OCEANS","Accumulated stock in oceans","2053","2053",105.997084,,
"MODERATE-FULL","Regional Action policy scenario","ACCUMULATED_STOCK_IN_OCEANS","Accumulated stock in oceans","2054","2054",108.498418,,
"MODERATE-FULL","Regional Action policy scenario","ACCUMULATED_STOCK_IN_OCEANS","Accumulated stock in oceans","2055","2055",110.990467,,
"MODERATE-FULL","Regional Action policy scenario","ACCUMULATED_STOCK_IN_OCEANS","Accumulated stock in oceans","2056","2056",113.472031,,
"MODERATE-FULL","Regional Action policy scenario","ACCUMULATED_STOCK_IN_OCEANS","Accumulated stock in oceans","2057","2057",115.938687,,
"MODERATE-FULL","Regional Action policy scenario","ACCUMULATED_STOCK_IN_OCEANS","Accumulated stock in oceans","2058","2058",118.387954,,
"MODERATE-FULL","Regional Action policy scenario","ACCUMULATED_STOCK_IN_OCEANS","Accumulated stock in oceans","2059","2059",120.816929,,
"MODERATE-FULL","Regional Action policy scenario","ACCUMULATED_STOCK_IN_OCEANS","Accumulated stock in oceans","2060","2060",123.221455,,
"MODERATE-FULL","Regional Action policy scenario","ACCUMULATED_STOCK_IN_RIVERS","Accumulated stock in rivers and lakes","2019","2019",109.438783,,
"MODERATE-FULL","Regional Action policy scenario","ACCUMULATED_STOCK_IN_RIVERS","Accumulated stock in rivers and lakes","2020","2020",113.898784,,
"MODERATE-FULL","Regional Action policy scenario","ACCUMULATED_STOCK_IN_RIVERS","Accumulated stock in rivers and lakes","2021","2021",118.367931,,
"MODERATE-FULL","Regional Action policy scenario","ACCUMULATED_STOCK_IN_RIVERS","Accumulated stock in rivers and lakes","2022","2022",122.795714,,
"MODERATE-FULL","Regional Action policy scenario","ACCUMULATED_STOCK_IN_RIVERS","Accumulated stock in rivers and lakes","2023","2023",127.149542,,
"MODERATE-FULL","Regional Action policy scenario","ACCUMULATED_STOCK_IN_RIVERS","Accumulated stock in rivers and lakes","2024","2024",131.462222,,
"MODERATE-FULL","Regional Action policy scenario","ACCUMULATED_STOCK_IN_RIVERS","Accumulated stock in rivers and lakes","2025","2025",135.730536,,
"MODERATE-FULL","Regional Action policy scenario","ACCUMULATED_STOCK_IN_RIVERS","Accumulated stock in rivers and lakes","2026","2026",139.95701,,
"MODERATE-FULL","Regional Action policy scenario","ACCUMULATED_STOCK_IN_RIVERS","Accumulated stock in rivers and lakes","2027","2027",144.141286,,
"MODERATE-FULL","Regional Action policy scenario","ACCUMULATED_STOCK_IN_RIVERS","Accumulated stock in rivers and lakes","2028","2028",148.283982,,
"MODERATE-FULL","Regional Action policy scenario","ACCUMULATED_STOCK_IN_RIVERS","Accumulated stock in rivers and lakes","2029","2029",152.389772,,
"MODERATE-FULL","Regional Action policy scenario","ACCUMULATED_STOCK_IN_RIVERS","Accumulated stock in rivers and lakes","2030","2030",156.464334,,
"MODERATE-FULL","Regional Action policy scenario","ACCUMULATED_STOCK_IN_RIVERS","Accumulated stock in rivers and lakes","2031","2031",160.549133,,
"MODERATE-FULL","Regional Action policy scenario","ACCUMULATED_STOCK_IN_RIVERS","Accumulated stock in rivers and lakes","2032","2032",164.614746,,
"MODERATE-FULL","Regional Action policy scenario","ACCUMULATED_STOCK_IN_RIVERS","Accumulated stock in rivers and lakes","2033","2033",168.664514,,
"MODERATE-FULL","Regional Action policy scenario","ACCUMULATED_STOCK_IN_RIVERS","Accumulated stock in rivers and lakes","2034","2034",172.709591,,
"MODERATE-FULL","Regional Action policy scenario","ACCUMULATED_STOCK_IN_RIVERS","Accumulated stock in rivers and lakes","2035","2035",176.753387,,
"MODERATE-FULL","Regional Action policy scenario","ACCUMULATED_STOCK_IN_RIVERS","Accumulated stock in rivers and lakes","2036","2036",180.796627,,
"MODERATE-FULL","Regional Action policy scenario","ACCUMULATED_STOCK_IN_RIVERS","Accumulated stock in rivers and lakes","2037","2037",184.834071,,
"MODERATE-FULL","Regional Action policy scenario","ACCUMULATED_STOCK_IN_RIVERS","Accumulated stock in rivers and lakes","2038","2038",188.870064,,
"MODERATE-FULL","Regional Action policy scenario","ACCUMULATED_STOCK_IN_RIVERS","Accumulated stock in rivers and lakes","2039","2039",192.903018,,
"MODERATE-FULL","Regional Action policy scenario","ACCUMULATED_STOCK_IN_RIVERS","Accumulated stock in rivers and lakes","2040","2040",196.920212,,
"MODERATE-FULL","Regional Action policy scenario","ACCUMULATED_STOCK_IN_RIVERS","Accumulated stock in rivers and lakes","2041","2041",200.922604,,
"MODERATE-FULL","Regional Action policy scenario","ACCUMULATED_STOCK_IN_RIVERS","Accumulated stock in rivers and lakes","2042","2042",204.91092,,
"MODERATE-FULL","Regional Action policy scenario","ACCUMULATED_STOCK_IN_RIVERS","Accumulated stock in rivers and lakes","2043","2043",208.883174,,
"MODERATE-FULL","Regional Action policy scenario","ACCUMULATED_STOCK_IN_RIVERS","Accumulated stock in rivers and lakes","2044","2044",212.836849,,
"MODERATE-FULL","Regional Action policy scenario","ACCUMULATED_STOCK_IN_RIVERS","Accumulated stock in rivers and lakes","2045","2045",216.763746,,
"MODERATE-FULL","Regional Action policy scenario","ACCUMULATED_STOCK_IN_RIVERS","Accumulated stock in rivers and lakes","2046","2046",220.653353,,
"MODERATE-FULL","Regional Action policy scenario","ACCUMULATED_STOCK_IN_RIVERS","Accumulated stock in rivers and lakes","2047","2047",224.497457,,
"MODERATE-FULL","Regional Action policy scenario","ACCUMULATED_STOCK_IN_RIVERS","Accumulated stock in rivers and lakes","2048","2048",228.289978,,
"MODERATE-FULL","Regional Action policy scenario","ACCUMULATED_STOCK_IN_RIVERS","Accumulated stock in rivers and lakes","2049","2049",232.023712,,
"MODERATE-FULL","Regional Action policy scenario","ACCUMULATED_STOCK_IN_RIVERS","Accumulated stock in rivers and lakes","2050","2050",235.653375,,
"MODERATE-FULL","Regional Action policy scenario","ACCUMULATED_STOCK_IN_RIVERS","Accumulated stock in rivers and lakes","2051","2051",239.174197,,
"MODERATE-FULL","Regional Action policy scenario","ACCUMULATED_STOCK_IN_RIVERS","Accumulated stock in rivers and lakes","2052","2052",242.580654,,
"MODERATE-FULL","Regional Action policy scenario","ACCUMULATED_STOCK_IN_RIVERS","Accumulated stock in rivers and lakes","2053","2053",245.865572,,
"MODERATE-FULL","Regional Action policy scenario","ACCUMULATED_STOCK_IN_RIVERS","Accumulated stock in rivers and lakes","2054","2054",249.02326,,
"MODERATE-FULL","Regional Action policy scenario","ACCUMULATED_STOCK_IN_RIVERS","Accumulated stock in rivers and lakes","2055","2055",252.045166,,
"MODERATE-FULL","Regional Action policy scenario","ACCUMULATED_STOCK_IN_RIVERS","Accumulated stock in rivers and lakes","2056","2056",254.925328,,
"MODERATE-FULL","Regional Action policy scenario","ACCUMULATED_STOCK_IN_RIVERS","Accumulated stock in rivers and lakes","2057","2057",257.655472,,
"MODERATE-FULL","Regional Action policy scenario","ACCUMULATED_STOCK_IN_RIVERS","Accumulated stock in rivers and lakes","2058","2058",260.227017,,
"MODERATE-FULL","Regional Action policy scenario","ACCUMULATED_STOCK_IN_RIVERS","Accumulated stock in rivers and lakes","2059","2059",262.632407,,
"MODERATE-FULL","Regional Action policy scenario","ACCUMULATED_STOCK_IN_RIVERS","Accumulated stock in rivers and lakes","2060","2060",264.869057,,
"MODERATE-FULL","Regional Action policy scenario","PLAS_LEAKAGE_FROM_MIS_W_AND_L","Plastic leakage to water from mismanaged waste and litter","2019","2019",6.096337,,
"MODERATE-FULL","Regional Action policy scenario","PLAS_LEAKAGE_FROM_MIS_W_AND_L","Plastic leakage to water from mismanaged waste and litter","2020","2020",6.17708,,
"MODERATE-FULL","Regional Action policy scenario","PLAS_LEAKAGE_FROM_MIS_W_AND_L","Plastic leakage to water from mismanaged waste and litter","2021","2021",6.236463,,
"MODERATE-FULL","Regional Action policy scenario","PLAS_LEAKAGE_FROM_MIS_W_AND_L","Plastic leakage to water from mismanaged waste and litter","2022","2022",6.241082,,
"MODERATE-FULL","Regional Action policy scenario","PLAS_LEAKAGE_FROM_MIS_W_AND_L","Plastic leakage to water from mismanaged waste and litter","2023","2023",6.208426,,
"MODERATE-FULL","Regional Action policy scenario","PLAS_LEAKAGE_FROM_MIS_W_AND_L","Plastic leakage to water from mismanaged waste and litter","2024","2024",6.2063,,
"MODERATE-FULL","Regional Action policy scenario","PLAS_LEAKAGE_FROM_MIS_W_AND_L","Plastic leakage to water from mismanaged waste and litter","2025","2025",6.198434,,
"MODERATE-FULL","Regional Action policy scenario","PLAS_LEAKAGE_FROM_MIS_W_AND_L","Plastic leakage to water from mismanaged waste and litter","2026","2026",6.191735,,
"MODERATE-FULL","Regional Action policy scenario","PLAS_LEAKAGE_FROM_MIS_W_AND_L","Plastic leakage to water from mismanaged waste and litter","2027","2027",6.181751,,
"MODERATE-FULL","Regional Action policy scenario","PLAS_LEAKAGE_FROM_MIS_W_AND_L","Plastic leakage to water from mismanaged waste and litter","2028","2028",6.172371,,
"MODERATE-FULL","Regional Action policy scenario","PLAS_LEAKAGE_FROM_MIS_W_AND_L","Plastic leakage to water from mismanaged waste and litter","2029","2029",6.165881,,
"MODERATE-FULL","Regional Action policy scenario","PLAS_LEAKAGE_FROM_MIS_W_AND_L","Plastic leakage to water from mismanaged waste and litter","2030","2030",6.164283,,
"MODERATE-FULL","Regional Action policy scenario","PLAS_LEAKAGE_FROM_MIS_W_AND_L","Plastic leakage to water from mismanaged waste and litter","2031","2031",6.205727,,
"MODERATE-FULL","Regional Action policy scenario","PLAS_LEAKAGE_FROM_MIS_W_AND_L","Plastic leakage to water from mismanaged waste and litter","2032","2032",6.215146,,
"MODERATE-FULL","Regional Action policy scenario","PLAS_LEAKAGE_FROM_MIS_W_AND_L","Plastic leakage to water from mismanaged waste and litter","2033","2033",6.227769,,
"MODERATE-FULL","Regional Action policy scenario","PLAS_LEAKAGE_FROM_MIS_W_AND_L","Plastic leakage to water from mismanaged waste and litter","2034","2034",6.250489,,
"MODERATE-FULL","Regional Action policy scenario","PLAS_LEAKAGE_FROM_MIS_W_AND_L","Plastic leakage to water from mismanaged waste and litter","2035","2035",6.277625,,
"MODERATE-FULL","Regional Action policy scenario","PLAS_LEAKAGE_FROM_MIS_W_AND_L","Plastic leakage to water from mismanaged waste and litter","2036","2036",6.303353,,
"MODERATE-FULL","Regional Action policy scenario","PLAS_LEAKAGE_FROM_MIS_W_AND_L","Plastic leakage to water from mismanaged waste and litter","2037","2037",6.32214,,
"MODERATE-FULL","Regional Action policy scenario","PLAS_LEAKAGE_FROM_MIS_W_AND_L","Plastic leakage to water from mismanaged waste and litter","2038","2038",6.345347,,
"MODERATE-FULL","Regional Action policy scenario","PLAS_LEAKAGE_FROM_MIS_W_AND_L","Plastic leakage to water from mismanaged waste and litter","2039","2039",6.36573,,
"MODERATE-FULL","Regional Action policy scenario","PLAS_LEAKAGE_FROM_MIS_W_AND_L","Plastic leakage to water from mismanaged waste and litter","2040","2040",6.371304,,
"MODERATE-FULL","Regional Action policy scenario","PLAS_LEAKAGE_FROM_MIS_W_AND_L","Plastic leakage to water from mismanaged waste and litter","2041","2041",6.378184,,
"MODERATE-FULL","Regional Action policy scenario","PLAS_LEAKAGE_FROM_MIS_W_AND_L","Plastic leakage to water from mismanaged waste and litter","2042","2042",6.384361,,
"MODERATE-FULL","Regional Action policy scenario","PLAS_LEAKAGE_FROM_MIS_W_AND_L","Plastic leakage to water from mismanaged waste and litter","2043","2043",6.387754,,
"MODERATE-FULL","Regional Action policy scenario","PLAS_LEAKAGE_FROM_MIS_W_AND_L","Plastic leakage to water from mismanaged waste and litter","2044","2044",6.387032,,
"MODERATE-FULL","Regional Action policy scenario","PLAS_LEAKAGE_FROM_MIS_W_AND_L","Plastic leakage to water from mismanaged waste and litter","2045","2045",6.377636,,
"MODERATE-FULL","Regional Action policy scenario","PLAS_LEAKAGE_FROM_MIS_W_AND_L","Plastic leakage to water from mismanaged waste and litter","2046","2046",6.35573,,
"MODERATE-FULL","Regional Action policy scenario","PLAS_LEAKAGE_FROM_MIS_W_AND_L","Plastic leakage to water from mismanaged waste and litter","2047","2047",6.323298,,
"MODERATE-FULL","Regional Action policy scenario","PLAS_LEAKAGE_FROM_MIS_W_AND_L","Plastic leakage to water from mismanaged waste and litter","2048","2048",6.283663,,
"MODERATE-FULL","Regional Action policy scenario","PLAS_LEAKAGE_FROM_MIS_W_AND_L","Plastic leakage to water from mismanaged waste and litter","2049","2049",6.235196,,
"MODERATE-FULL","Regional Action policy scenario","PLAS_LEAKAGE_FROM_MIS_W_AND_L","Plastic leakage to water from mismanaged waste and litter","2050","2050",6.136291,,
"MODERATE-FULL","Regional Action policy scenario","PLAS_LEAKAGE_FROM_MIS_W_AND_L","Plastic leakage to water from mismanaged waste and litter","2051","2051",6.030085,,
"MODERATE-FULL","Regional Action policy scenario","PLAS_LEAKAGE_FROM_MIS_W_AND_L","Plastic leakage to water from mismanaged waste and litter","2052","2052",5.916019,,
"MODERATE-FULL","Regional Action policy scenario","PLAS_LEAKAGE_FROM_MIS_W_AND_L","Plastic leakage to water from mismanaged waste and litter","2053","2053",5.792077,,
"MODERATE-FULL","Regional Action policy scenario","PLAS_LEAKAGE_FROM_MIS_W_AND_L","Plastic leakage to water from mismanaged waste and litter","2054","2054",5.658275,,
"MODERATE-FULL","Regional Action policy scenario","PLAS_LEAKAGE_FROM_MIS_W_AND_L","Plastic leakage to water from mismanaged waste and litter","2055","2055",5.514879,,
"MODERATE-FULL","Regional Action policy scenario","PLAS_LEAKAGE_FROM_MIS_W_AND_L","Plastic leakage to water from mismanaged waste and litter","2056","2056",5.361158,,
"MODERATE-FULL","Regional Action policy scenario","PLAS_LEAKAGE_FROM_MIS_W_AND_L","Plastic leakage to water from mismanaged waste and litter","2057","2057",5.196657,,
"MODERATE-FULL","Regional Action policy scenario","PLAS_LEAKAGE_FROM_MIS_W_AND_L","Plastic leakage to water from mismanaged waste and litter","2058","2058",5.021021,,
"MODERATE-FULL","Regional Action policy scenario","PLAS_LEAKAGE_FROM_MIS_W_AND_L","Plastic leakage to water from mismanaged waste and litter","2059","2059",4.834039,,
"MODERATE-FULL","Regional Action policy scenario","PLAS_LEAKAGE_FROM_MIS_W_AND_L","Plastic leakage to water from mismanaged waste and litter","2060","2060",4.641629,,
"MODERATE-FULL","Regional Action policy scenario","TRANSPORT_TO_OCEANS","Transport to oceans","2019","2019",1.66125,,
"MODERATE-FULL","Regional Action policy scenario","TRANSPORT_TO_OCEANS","Transport to oceans","2020","2020",1.716709,,
"MODERATE-FULL","Regional Action policy scenario","TRANSPORT_TO_OCEANS","Transport to oceans","2021","2021",1.767494,,
"MODERATE-FULL","Regional Action policy scenario","TRANSPORT_TO_OCEANS","Transport to oceans","2022","2022",1.81327,,
"MODERATE-FULL","Regional Action policy scenario","TRANSPORT_TO_OCEANS","Transport to oceans","2023","2023",1.854605,,
"MODERATE-FULL","Regional Action policy scenario","TRANSPORT_TO_OCEANS","Transport to oceans","2024","2024",1.893612,,
"MODERATE-FULL","Regional Action policy scenario","TRANSPORT_TO_OCEANS","Transport to oceans","2025","2025",1.93015,,
"MODERATE-FULL","Regional Action policy scenario","TRANSPORT_TO_OCEANS","Transport to oceans","2026","2026",1.964951,,
"MODERATE-FULL","Regional Action policy scenario","TRANSPORT_TO_OCEANS","Transport to oceans","2027","2027",1.997841,,
"MODERATE-FULL","Regional Action policy scenario","TRANSPORT_TO_OCEANS","Transport to oceans","2028","2028",2.029504,,
"MODERATE-FULL","Regional Action policy scenario","TRANSPORT_TO_OCEANS","Transport to oceans","2029","2029",2.060317,,
"MODERATE-FULL","Regional Action policy scenario","TRANSPORT_TO_OCEANS","Transport to oceans","2030","2030",2.089955,,
"MODERATE-FULL","Regional Action policy scenario","TRANSPORT_TO_OCEANS","Transport to oceans","2031","2031",2.120439,,
"MODERATE-FULL","Regional Action policy scenario","TRANSPORT_TO_OCEANS","Transport to oceans","2032","2032",2.149639,,
"MODERATE-FULL","Regional Action policy scenario","TRANSPORT_TO_OCEANS","Transport to oceans","2033","2033",2.177949,,
"MODERATE-FULL","Regional Action policy scenario","TRANSPORT_TO_OCEANS","Transport to oceans","2034","2034",2.205888,,
"MODERATE-FULL","Regional Action policy scenario","TRANSPORT_TO_OCEANS","Transport to oceans","2035","2035",2.233426,,
"MODERATE-FULL","Regional Action policy scenario","TRANSPORT_TO_OCEANS","Transport to oceans","2036","2036",2.259943,,
"MODERATE-FULL","Regional Action policy scenario","TRANSPORT_TO_OCEANS","Transport to oceans","2037","2037",2.28504,,
"MODERATE-FULL","Regional Action policy scenario","TRANSPORT_TO_OCEANS","Transport to oceans","2038","2038",2.309234,,
"MODERATE-FULL","Regional Action policy scenario","TRANSPORT_TO_OCEANS","Transport to oceans","2039","2039",2.332631,,
"MODERATE-FULL","Regional Action policy scenario","TRANSPORT_TO_OCEANS","Transport to oceans","2040","2040",2.354542,,
"MODERATE-FULL","Regional Action policy scenario","TRANSPORT_TO_OCEANS","Transport to oceans","2041","2041",2.37569,,
"MODERATE-FULL","Regional Action policy scenario","TRANSPORT_TO_OCEANS","Transport to oceans","2042","2042",2.396015,,
"MODERATE-FULL","Regional Action policy scenario","TRANSPORT_TO_OCEANS","Transport to oceans","2043","2043",2.415406,,
"MODERATE-FULL","Regional Action policy scenario","TRANSPORT_TO_OCEANS","Transport to oceans","2044","2044",2.433654,,
"MODERATE-FULL","Regional Action policy scenario","TRANSPORT_TO_OCEANS","Transport to oceans","2045","2045",2.450572,,
"MODERATE-FULL","Regional Action policy scenario","TRANSPORT_TO_OCEANS","Transport to oceans","2046","2046",2.46584,,
"MODERATE-FULL","Regional Action policy scenario","TRANSPORT_TO_OCEANS","Transport to oceans","2047","2047",2.479373,,
"MODERATE-FULL","Regional Action policy scenario","TRANSPORT_TO_OCEANS","Transport to oceans","2048","2048",2.491177,,
"MODERATE-FULL","Regional Action policy scenario","TRANSPORT_TO_OCEANS","Transport to oceans","2049","2049",2.501217,,
"MODERATE-FULL","Regional Action policy scenario","TRANSPORT_TO_OCEANS","Transport to oceans","2050","2050",2.506733,,
"MODERATE-FULL","Regional Action policy scenario","TRANSPORT_TO_OCEANS","Transport to oceans","2051","2051",2.509541,,
"MODERATE-FULL","Regional Action policy scenario","TRANSPORT_TO_OCEANS","Transport to oceans","2052","2052",2.509552,,
"MODERATE-FULL","Regional Action policy scenario","TRANSPORT_TO_OCEANS","Transport to oceans","2053","2053",2.506714,,
"MODERATE-FULL","Regional Action policy scenario","TRANSPORT_TO_OCEANS","Transport to oceans","2054","2054",2.501051,,
"MODERATE-FULL","Regional Action policy scenario","TRANSPORT_TO_OCEANS","Transport to oceans","2055","2055",2.492545,,
"MODERATE-FULL","Regional Action policy scenario","TRANSPORT_TO_OCEANS","Transport to oceans","2056","2056",2.481142,,
"MODERATE-FULL","Regional Action policy scenario","TRANSPORT_TO_OCEANS","Transport to oceans","2057","2057",2.466757,,
"MODERATE-FULL","Regional Action policy scenario","TRANSPORT_TO_OCEANS","Transport to oceans","2058","2058",2.449282,,
"MODERATE-FULL","Regional Action policy scenario","TRANSPORT_TO_OCEANS","Transport to oceans","2059","2059",2.42864,,
"MODERATE-FULL","Regional Action policy scenario","TRANSPORT_TO_OCEANS","Transport to oceans","2060","2060",2.405046,,
